family,specialization,compile_spec_hash,comparison_semantic_key,symbol_sha256,threads_per_cta,gpr_452,gpr_460,gpr_delta,r_set_452,r_set_460,r_count_452,r_count_460,r_count_delta,r_max_452,r_max_460,r_max_delta,ur_set_452,ur_set_460,ur_count_452,ur_count_460,ur_count_delta,ur_max_452,ur_max_460,ur_max_delta,p_set_452,p_set_460,p_count_452,p_count_460,p_count_delta,p_max_452,p_max_460,p_max_delta,up_set_452,up_set_460,up_count_452,up_count_460,up_count_delta,up_max_452,up_max_460,up_max_delta,effective_ceiling_452,effective_ceiling_460,effective_ceiling_delta,reconfig_452,reconfig_460,frame_bytes_452,frame_bytes_460,frame_bytes_delta,stack_bytes_452,stack_bytes_460,stack_bytes_delta,ldl_452,ldl_460,ldl_delta,stl_452,stl_460,stl_delta,local_452,local_460,dynamic_smem_bytes_452,dynamic_smem_bytes_460,dynamic_smem_bytes_delta,static_smem_bytes_452,static_smem_bytes_460,static_smem_bytes_delta,total_smem_bytes_452,total_smem_bytes_460,total_smem_bytes_delta,active_ctas_per_sm_452,active_ctas_per_sm_460,active_ctas_per_sm_delta,active_threads_per_sm_452,active_threads_per_sm_460,active_threads_per_sm_delta,sass_instructions_452,sass_instructions_460,sass_instructions_delta,code_bytes_452,code_bytes_460,code_bytes_delta,flags
attention.contiguous.forward,contiguous.fixed,9809517d008eb5113056aca8f5db06a31cf7315bade4885e5d50ff3a2682cca7,3e71ac3c584fa6050a4fb0b084fda5edc31ecbcd0ef42e5c1e0566d6c26734f1,80be880b25f5c52c6c37f4c7d29bf0d25f1547e7e3c8b0dc142b8282aaa0f1ac,160,248,248,0,0-116;118;120-158;160;162;164;166;168;170;172;174,0-156;158;160;162;164;166;168;170;172;174;176,165,167,2,174,176,2,4-14;16;18-19,4-20,14,17,3,19,20,1,0-6,0-6,7,7,0,6,6,0,0-1,0-1,2,2,0,1,1,0,248,248,0,D:80|A:248,D:80|A:248,0,0,0,0,0,0,0,0,0,0,0,0,false,false,50176,50176,0,0,0,0,50176,50176,0,1,1,0,160,160,0,1688,1648,-40,27008,26368,-640,R+;UR+;reg-set-change
attention.contiguous.forward,contiguous.typed_smem_boundary,555844a77dd811f5d0671bb837ba04788eb0419cd823a8f2bde85d67b01d1ef4,4fffc3cdf5627e8b3d775bbcec57d7c4760393362f34ebd6aea03672ab4692d9,3ab1c7546476020aa961ff52d769c052cf837d34bc4f68a877ec7e474d151296,160,248,248,0,0-166;168-183,0-180;182;184-187,183,186,3,183,187,4,4-16;18-44,4-44;46;48;50;52-59,40,52,12,44,59,15,0-2,0-2,3,3,0,2,2,0,0,0,1,1,0,0,0,0,248,248,0,D:80|A:248,D:80|A:248,0,0,0,0,0,0,0,0,0,0,0,0,false,false,99328,99328,0,0,0,0,99328,99328,0,1,1,0,160,160,0,1504,1376,-128,24064,22016,-2048,R+;UR+;reg-set-change
attention.contiguous.varlen_forward,contiguous.varlen,61073abba7f383df4334e5196e0c5ced260c4b18bd4b63edb94d037bccdcac7a,5442306dc201f54fe5d8c5f9f5f35b6e4a38013254616ad9b2f5b83548921d40,f9f59102000b6f8b8760142aa4b44dbb2f9bf4634ba094734f7ffefae9e76f9b,160,248,248,0,0-245,0-245,246,246,0,245,245,0,4-23,4-23,20,20,0,23,23,0,0-6,0-6,7,7,0,6,6,0,0-2,0-2,3,3,0,2,2,0,248,248,0,D:80|A:248,D:80|A:248,0,0,0,0,0,0,0,0,0,0,0,0,false,false,50176,50176,0,0,0,0,50176,50176,0,1,1,0,160,160,0,9320,9296,-24,149120,148736,-384,
attention.indexer.contiguous_block_scores,,192540422d6b74e00db7c15f7fac1a5c9672153d8d75c4d7f24edcfbdd27f692,83320bfff1a174913c7ec8ad4bc6105b4fa6a366e30f457adf625f1b5a3859a3,d7014158a9646fc5dbe7c7ca55a74f83b2b56b1a0454cd515c1550228cc1572f,256,128,127,-1,0-42;44-48;50;52;54;56-58;60;62;64-125,0-36;38;40-52;54;56-124,118,121,3,125,124,-1,4-12,4-12,9,9,0,12,12,0,0-6,0-6,7,7,0,6,6,0,0,0,1,1,0,0,0,0,128,127,-1,D:|A:,D:|A:,0,0,0,0,0,0,0,0,0,0,0,0,false,false,76800,76800,0,0,0,0,76800,76800,0,1,1,0,256,256,0,3376,3296,-80,54016,52736,-1280,R+;reg-set-change
attention.indexer.contiguous_logits,,517cd51e328d79745afc5d5aafbcc74bcabfd215c1b4014d6521f2f726720d54,d43bca87596a64872dd439ad5bf7319f8cac936032c61a7fdfd28783d7174d2a,1834cdb0b7562e339741aaa3c55aa8a010a53f23cf17b1c4f16cb2da8b0cc48f,256,48,48,0,0-42;44-45,0-42;44-45,45,45,0,45,45,0,4-16;18-19,4-16;18-19,15,15,0,19,19,0,0-6,0-6,7,7,0,6,6,0,0,0,1,1,0,0,0,0,48,48,0,D:|A:,D:|A:,0,0,0,0,0,0,0,0,0,0,0,0,false,false,10240,10240,0,0,0,0,10240,10240,0,5,5,0,1280,1280,0,736,752,16,11776,12032,256,SASS-inst+;code+
attention.indexer.contiguous_logits,,236964e34344b2d0c350d25c55cbc8410df803dac8c5b9d039f7c887bc648395,fd253b0d4b9b3f30f169a2fe613f6b4bbe8397425c17a857a4460c392048235d,aa1570e9b74c44b3adbea26cef7d4bcdb59e3053b14e6b3cf765ef45490abbf2,256,125,123,-2,0-52;54;56;58;60;62;64;66;68;70;72-122,0-52;54;56;58;60;62;64;66;68;70;72-120,113,111,-2,122,120,-2,4-12;14-15,4-12;14-15,11,11,0,15,15,0,0-6,0-6,7,7,0,6,6,0,0,0,1,1,0,0,0,0,125,123,-2,D:|A:,D:|A:,0,0,0,0,0,0,0,0,0,0,0,0,false,false,76800,76800,0,0,0,0,76800,76800,0,1,1,0,256,256,0,3336,3400,64,53376,54400,1024,reg-set-change;SASS-inst+;code+
attention.indexer.contiguous_logits,,9333322e702d20e062008e7eece2ed2031ecbc4fa9043b9625d28c738a20b0d6,05aa4ca048e242bfaab7647751d4fb8f5f2a597523337f282ec52b4d808b2c7e,aa1570e9b74c44b3adbea26cef7d4bcdb59e3053b14e6b3cf765ef45490abbf2,256,168,160,-8,0-84;86;88;90;92;94;96;98;100;102;104;108;110;112-165,0-80;82;84;86;88;90;92;94;96;98;100-153;155;157,151,146,-5,165,157,-8,4-14;16,4-12;14,12,10,-2,16,14,-2,0-6,0-6,7,7,0,6,6,0,0,0,1,1,0,0,0,0,168,160,-8,D:|A:,D:|A:,0,0,0,0,0,0,0,0,0,0,0,0,false,false,76800,76800,0,0,0,0,76800,76800,0,1,1,0,256,256,0,1656,1720,64,26496,27520,1024,reg-set-change;SASS-inst+;code+
attention.indexer.contiguous_logits,,829e1e1a13cd41d31274a3cfdff01d52d92ba5187989b495d26947ecb68fec02,5f2ef6d41d28a6388467918df093e2dfad41585478bcd14db7b9776ca878b639,eb1d91063e333eb5185152d389af82af8909f5c8aa3a76cd5150ca831d196165,256,184,184,0,0-152;154;156-181,0-152;154;156-181,180,180,0,181,181,0,4-12;14-21,4-12;14-15,17,11,-6,21,15,-6,0-6,0-6,7,7,0,6,6,0,0-1,0-1,2,2,0,1,1,0,184,184,0,D:|A:,D:|A:,0,0,0,0,0,0,0,0,0,0,0,0,false,false,97280,97280,0,0,0,0,97280,97280,0,1,1,0,256,256,0,6760,6872,112,108160,109952,1792,reg-set-change;SASS-inst+;code+
attention.indexer.fused_indexer,,433ac62e77cdd0592ba49ca21746cd270317f0e59ddbf7d42002a7f2f3938371,28347b21b2670434e2f84ccb1ea1fbf6c94fa56b47aa22c0f3c9cf690f708a1d,38b0b26658cf0960f6fc618af5fd706e2937f7d1a88f2b2f1d4d63c5322cb25e,1024,61,59,-2,0-25;28-58,0-25;28-56,57,55,-2,58,56,-2,4-8;10-15,4-6;8-15,11,11,0,15,15,0,0-6,0-6,7,7,0,6,6,0,,,0,0,0,-1,-1,0,61,59,-2,D:|A:,D:|A:,0,0,0,0,0,0,0,0,0,0,0,0,false,false,56320,56320,0,0,0,0,56320,56320,0,1,1,0,1024,1024,0,6552,6304,-248,104832,100864,-3968,reg-set-change
attention.indexer.paged_logits,,01fdad91dca0e1c16cac35242077aa74e983e16b8414ec17d3e2a38c2a5409e8,c6f8801cd561a09d1889b70f73004e4f8b67c5c02a59f7bbc67eb6831071afae,acd5ef1f53ff002eedec4cdafeefb7f0d71b46dedbef693967e2c58f4d673e47,128,46,40,-6,0-34;36-38;40-41,0-37,40,38,-2,41,37,-4,4-26;28;30;32-48,4-22;24;26;28-42,42,36,-6,48,42,-6,0-2,0-4,3,5,2,2,4,2,0-2,0-2,3,3,0,2,2,0,46,40,-6,D:|A:,D:|A:,0,0,0,0,0,0,0,0,0,0,0,0,false,false,20480,20480,0,0,0,0,20480,20480,0,4,4,0,512,512,0,664,632,-32,10624,10112,-512,P+;reg-set-change
attention.indexer.paged_logits,,9b974da7d3d2089edb2a56acf1ac902e3dde68bbd97a7a6722ae2b8e5eb75aee,cd877c5c0da271b2058ed718d5db585229b36f4f4822924709742b8a57056153,6d7147a710510d0068d685576541235cf2000d7ffdbe3a5d69ca3c4fef1d57a4,128,48,47,-1,0-14;16-44,0-38;40-44,44,44,0,44,44,0,4-16;18;20-23,4-18;20-25,18,21,3,23,25,2,0-2,0-2,3,3,0,2,2,0,0-1,0-4,2,5,3,1,4,3,48,47,-1,D:|A:,D:|A:,0,0,0,0,0,0,0,0,0,0,0,0,false,false,20480,20480,0,0,0,0,20480,20480,0,4,4,0,512,512,0,544,536,-8,8704,8576,-128,UR+;UP+;reg-set-change
attention.indexer.paged_tiled_logits,,6cf90208cbb6373504c59da1bfe2d9bd49e31c3cbd2c46b9ad4bfa54707816a7,ebdad6d16b88d73424b5084a79d6d3a05763acb65ccfb47985ff85ff8630e675,62e648bbfeb86ca65180b9e4f6eb23d360028230848d4e7828ec7b9f555fbbbd,128,54,48,-6,0-46;48-49,0-45,49,46,-3,49,45,-4,4-24;26-33,4-24;26-31,29,27,-2,33,31,-2,0-2,0-2,3,3,0,2,2,0,0-2,0-6,3,7,4,2,6,4,54,48,-6,D:|A:,D:|A:,0,0,0,0,0,0,0,0,0,0,0,0,false,false,20480,20480,0,0,0,0,20480,20480,0,4,4,0,512,512,0,576,552,-24,9216,8832,-384,UP+;reg-set-change
attention.indexer.paged_tiled_logits,,2d50ff677a56cde4b45e81a1ae68e4ddb18ef6951d5736d4098d32aecd9a94e5,0cac4c5316e5823a9a83a27f155f630154deeb84c79cad797923f65254ee19db,c9e2bc580ce39d8ab6ed6fd832274d5950a0a434a90b63307fa6e04e37c9948c,512,64,44,-20,0-16;18;20-32;36-61,0-30;32-39;41,57,40,-17,61,41,-20,4-12;14-24,4-12;14-23,20,19,-1,24,23,-1,0-1,0-1,2,2,0,1,1,0,0-1,0-1,2,2,0,1,1,0,64,44,-20,D:|A:,D:|A:,0,0,0,0,0,0,0,0,0,0,0,0,false,false,76800,76800,0,0,0,0,76800,76800,0,1,1,0,512,512,0,568,616,48,9088,9856,768,reg-set-change;SASS-inst+;code+
attention.indexer.persistent_topk,nsa.topk.persistent.rows1,4a9976060484a3f7e53212152205039fdb1ef25622ff721a2f0513c7423c80fd,c94562e51dc1b83602a6b726a22e7706c10682c21da9e6e0029361ef3d861a1c,70c91160fc124f6ac51a8a2a624c6aa9090f5b9a1492002c353099a2c746133c,1024,38,36,-2,0-27;29;31;33;35,0-29;31;33,32,32,0,35,33,-2,4-8,4-8,5,5,0,8,8,0,0-5,0-5,6,6,0,5,5,0,,,0,0,0,-1,-1,0,38,36,-2,D:|A:,D:|A:,0,0,0,0,0,0,0,0,0,0,0,0,false,false,35072,35072,0,0,0,0,35072,35072,0,1,1,0,1024,1024,0,1064,1008,-56,17024,16128,-896,reg-set-change
attention.indexer.persistent_topk,nsa.topk.persistent.rows2,4c130e75383f6867d2a43a6c852989f751aeb72898dbf5690039e725adc32529,7d324c0b20ae0442b4a305772397f74447c32e163642c1788092c6c7166914a7,70c91160fc124f6ac51a8a2a624c6aa9090f5b9a1492002c353099a2c746133c,1024,38,36,-2,0-27;29;31;33;35,0-29;31;33,32,32,0,35,33,-2,4-8,4-8,5,5,0,8,8,0,0-5,0-5,6,6,0,5,5,0,,,0,0,0,-1,-1,0,38,36,-2,D:|A:,D:|A:,0,0,0,0,0,0,0,0,0,0,0,0,false,false,35072,35072,0,0,0,0,35072,35072,0,1,1,0,1024,1024,0,1064,1008,-56,17024,16128,-896,reg-set-change
attention.indexer.persistent_topk,nsa.topk.persistent.rows3,b7cc1e9a311dba01484625236d3ff055c80a9dd5bb7775efd25f34b2a7a5f846,e8fcb3dc63423f7795b35039a99efc712a7910917606aa3c1979a26bf7b6884f,70c91160fc124f6ac51a8a2a624c6aa9090f5b9a1492002c353099a2c746133c,1024,38,36,-2,0-27;29;31;33;35,0-29;31;33,32,32,0,35,33,-2,4-8,4-8,5,5,0,8,8,0,0-5,0-5,6,6,0,5,5,0,,,0,0,0,-1,-1,0,38,36,-2,D:|A:,D:|A:,0,0,0,0,0,0,0,0,0,0,0,0,false,false,35072,35072,0,0,0,0,35072,35072,0,1,1,0,1024,1024,0,1064,1008,-56,17024,16128,-896,reg-set-change
attention.indexer.persistent_topk,nsa.topk.persistent.rows4,0da4241709d1d1f59a59b6d7fa5532c03008e4fdd1979736443f78425718d6ab,6de44e2da3a0be711b2ccc152f28c9273bf489ab1466330e3818f17f91219d2b,70c91160fc124f6ac51a8a2a624c6aa9090f5b9a1492002c353099a2c746133c,1024,38,36,-2,0-27;29;31;33;35,0-29;31;33,32,32,0,35,33,-2,4-8,4-8,5,5,0,8,8,0,0-5,0-5,6,6,0,5,5,0,,,0,0,0,-1,-1,0,38,36,-2,D:|A:,D:|A:,0,0,0,0,0,0,0,0,0,0,0,0,false,false,35072,35072,0,0,0,0,35072,35072,0,1,1,0,1024,1024,0,1064,1008,-56,17024,16128,-896,reg-set-change
attention.indexer.row_topk,,a962be045319ded74a4cce119cdda1e998d89508f91f014d963a63743a421cd4,ef98ee557c096461bc1a08fe02c491c441b99cb8c7296df13f15a1d2939a84c9,c3fe20d60be28f9f17cea378cee0c3479b47c55627887e25cbab5aa6f06de75f,1024,26,24,-2,0-23,0-21,24,22,-2,23,21,-2,4-6;8-9,4-6;8,5,4,-1,9,8,-1,0-4,0-4,5,5,0,4,4,0,,,0,0,0,-1,-1,0,26,24,-2,D:|A:,D:|A:,0,0,0,0,0,0,0,0,0,0,0,0,false,false,38528,38528,0,0,0,0,38528,38528,0,1,1,0,1024,1024,0,1488,1416,-72,23808,22656,-1152,reg-set-change
attention.indexer.tiled_topk,,5d7340996bb1b2d036544fe7c8af9f6168c18eef48550a542a2961f3bda91479,d92722bc0af608b8c5d6deb79263d6e65a9db7238492f372240ce1bb5a93a699,c3fe20d60be28f9f17cea378cee0c3479b47c55627887e25cbab5aa6f06de75f,1024,27,27,0,0-24,0-24,25,25,0,24,24,0,4-6;8-9,4-6;8,5,4,-1,9,8,-1,0-4,0-4,5,5,0,4,4,0,,,0,0,0,-1,-1,0,27,27,0,D:|A:,D:|A:,0,0,0,0,0,0,0,0,0,0,0,0,false,false,38528,38528,0,0,0,0,38528,38528,0,1,1,0,1024,1024,0,1576,1512,-64,25216,24192,-1024,reg-set-change
attention.mla.merge,mla.merge,6607e86d8a5d62134855d9f8c33dc17c93e7b5ab77fca984749690567d75ed06,ca8f25c72f21fa32c2262e15daa7dd3b1dcba6a06e8d610a9e7479eb8368694b,d9c71b3d48e0458ce23cbd94428439b97c088e238c17eeaacb99508f8fb69b96,32,50,50,0,0-12;14-34;37;39;41;43;45-47,0-12;14-34;37;39;41;43;45-47,41,41,0,47,47,0,4-13,4-13,10,10,0,13,13,0,0-4,0-4,5,5,0,4,4,0,0,0,1,1,0,0,0,0,50,50,0,D:|A:,D:|A:,0,0,0,0,0,0,0,0,0,0,0,0,false,false,0,0,0,0,0,0,0,0,0,24,24,0,768,768,0,336,368,32,5376,5888,512,SASS-inst+;code+
attention.mla.merge,mla.unified.decode.main|mla.unified.decode.extra|mla.unified.decode.per_token|mla.unified.decode.extra_per_token|mla.unified.glm.decode.main|mla.unified.glm.decode.per_token,27844cab02ed922c483a620b933e04948bdef60f25de74d8adddb2342bb14804,6f9d3ec2f4cc1621d7adb8b1ed771345c51d37c74301136df531cdad285e3a2b,d9c71b3d48e0458ce23cbd94428439b97c088e238c17eeaacb99508f8fb69b96,32,14,24,10,0-11,0-11;13;15-21,12,20,8,11,21,10,4-14,4-14,11,11,0,14,14,0,0-1,0-1,2,2,0,1,1,0,0,0,1,1,0,0,0,0,14,24,10,D:|A:,D:|A:,0,0,0,0,0,0,0,0,0,0,0,0,false,false,0,0,0,0,0,0,0,0,0,24,24,0,768,768,0,88,80,-8,1408,1280,-128,GPR+;R+;reg-set-change
attention.mla.sink_merge,mla.sink_merge,7ee273381cf0f95886d3cf65694f16fcdcabf37cb01859af9b9db85c04df25bd,510f00335f3146820aa5f5c5bdee577ad4115637c1e51595d9952f09a7694efd,81ca56b471536855388cd21c942fe807fea298c74c3afea44843900b6a440526,32,50,50,0,0-12;14-34;37;39;41;43;45-47,0-12;14-34;37;39;41;43;45-47,41,41,0,47,47,0,4-15,4-15,12,12,0,15,15,0,0-4,0-4,5,5,0,4,4,0,0,0,1,1,0,0,0,0,50,50,0,D:|A:,D:|A:,0,0,0,0,0,0,0,0,0,0,0,0,false,false,0,0,0,0,0,0,0,0,0,24,24,0,768,768,0,352,384,32,5632,6144,512,SASS-inst+;code+
attention.mla.sm120.decode,mla.unified.decode.main,da8422ef5b64c6ff8827e43ba74f339787626bba483d78714bdb19c52b37bb28,904d77d22becf270b306a4d915e25e0ceeb3688935946cb21ee3c0319df982c8,83000d961b52d8209d6cd589fa22608b6b2c3b839de88dce0944dcc06a3d1881,160,180,119,-61,0-173;175;177,0-112;114;116,176,115,-61,177,116,-61,4-10;12-14,4-10;12-14,10,10,0,14,14,0,0-3,0-3,4,4,0,3,3,0,0-3,0,4,1,-3,3,0,-3,180,119,-61,D:|A:,D:|A:,0,0,0,0,0,0,0,0,0,0,0,0,false,false,95616,95616,0,0,0,0,95616,95616,0,1,1,0,160,160,0,1944,1840,-104,31104,29440,-1664,reg-set-change
attention.mla.sm120.decode,mla.unified.decode.per_token,b8f8432ab83d815dc443e29d4045339dc49aa0902202156205e90e89c06c6555,22fd8c97276d6482f44b6918f8ff32c25fa4625c6034802de169c4a8d1a86945,fe28aefaa1d5f33ba7743d83928f988b12e99452fc53b66b197672c8df3c6f9a,160,183,120,-63,0-172;174;176;178;180,0-117,177,118,-59,180,117,-63,4-10;12-14,4-10;12-14,10,10,0,14,14,0,0-3,0-3,4,4,0,3,3,0,0-3,0,4,1,-3,3,0,-3,183,120,-63,D:|A:,D:|A:,0,0,0,0,0,0,0,0,0,0,0,0,false,false,95616,95616,0,0,0,0,95616,95616,0,1,1,0,160,160,0,1944,1840,-104,31104,29440,-1664,reg-set-change
attention.mla.sm120.decode,mla.unified.decode.extra,2cfea5fa048468f8194396a96181d1ce4025c2a0b152bf63f7e3d660b86f66c9,6e8286d056cd68564db528442badfea4545d9c6500ba864e30c288af6137e3b2,b5c5b7cc4969782286786ef456affa74f48ff4d9310e7fa580707d05b20a2b73,160,192,191,-1,0-189,0-188,190,189,-1,189,188,-1,4-16;18-20;22-25,4-16;18-20;22-25,20,20,0,25,25,0,0-3,0-3,4,4,0,3,3,0,0-3,0-1,4,2,-2,3,1,-2,192,191,-1,D:|A:,D:|A:,0,0,0,0,0,0,0,0,0,0,0,0,false,false,95616,95616,0,0,0,0,95616,95616,0,1,1,0,160,160,0,2160,2128,-32,34560,34048,-512,reg-set-change
attention.mla.sm120.decode,mla.unified.decode.extra_per_token,fd5e3a3fafd5b0a6c7caea5bd226b65b43217fcf51bfab9bad795481959763b6,b0a4e982451a31110beaa63348763e90eef82e6077e8b710d848af063e0a16ea,ab5014c93caade5447fce96f809ff7f37575136f423a6155cbc4d4500d758e24,160,199,195,-4,0-196,0-192,197,193,-4,196,192,-4,4-16;18-21,4-18;20-23,17,19,2,21,23,2,0-3,0-3,4,4,0,3,3,0,0-3,0-1,4,2,-2,3,1,-2,199,195,-4,D:|A:,D:|A:,0,0,0,0,0,0,0,0,0,0,0,0,false,false,95616,95616,0,0,0,0,95616,95616,0,1,1,0,160,160,0,2152,2128,-24,34432,34048,-384,UR+;reg-set-change
attention.mla.sm120.decode,mla.unified.glm.decode.main,4a08fd70cf2a72687d46528da3fac6e0d14ec2cf21ad69b19b66651bd06d4200,6c1071211a41dabaa2f492e2808e6b6a5ca41dba27922411ba4847e1582b4b1f,95820e8b70560e8f190a6348ade8e26ee0b9bf1cb4a2cf2b1f0cbba35b2c6272,160,163,165,2,0-130;132;134-158;160,0-126;128;130;132-162,158,160,2,160,162,2,4-10;12-17,4-8;10-16;18-19,13,14,1,17,19,2,0-6,0-6,7,7,0,6,6,0,0-3,0,4,1,-3,3,0,-3,163,165,2,D:|A:,D:|A:,0,0,0,0,0,0,0,0,0,0,0,0,false,false,101248,101248,0,0,0,0,101248,101248,0,1,1,0,160,160,0,2328,2280,-48,37248,36480,-768,GPR+;R+;UR+;reg-set-change
attention.mla.sm120.decode,mla.unified.glm.decode.per_token,b2bbb8e080e5ceea33d603c3fdc336266ba2fe1209ac683c9e74919125c4103d,56e8bdf7078c8357b10d312f19fcdc55d79649f21ee19c6a174ecd32ed8a3f5b,e19fa0114aa4e59c95a4e80eb2ab7e4b4852fe22aff8706757f2d323b6234f4f,160,163,166,3,0-130;132;134-160,0-126;128;130;132-163,159,161,2,160,163,3,4-10;12-17,4-8;10-17,13,13,0,17,17,0,0-6,0-6,7,7,0,6,6,0,0-3,0,4,1,-3,3,0,-3,163,166,3,D:|A:,D:|A:,0,0,0,0,0,0,0,0,0,0,0,0,false,false,101248,101248,0,0,0,0,101248,101248,0,1,1,0,160,160,0,2328,2280,-48,37248,36480,-768,GPR+;R+;reg-set-change
attention.mla.sm120.prefill_mg,mla.unified.prefill_mg.dsv4.fp8.hg1,57d0b16e1c98aadb68c48b8913aa9486aeeee88f8a6ec3118061aa6cf9cb56fa,54d335da912aa69d1a1a15061387039521ab58f7b97989a67482265ba8f42551,7340a143254ce0c2edf0c9e079868ad959a9a2db1e60cabf27602d3c18033ba1,384,168,168,0,0-114;116-120;124-128;132-136;140-148;152-160;164-168;172-216;220-229,0-132;134-229,208,229,21,229,229,0,4-10;12-14;16-18;20-21,4-12;14-16;18;20-21,15,15,0,21,21,0,0-6,0-6,7,7,0,6,6,0,0-1,0,2,1,-1,1,0,-1,232,232,0,D:32|A:232,D:32|A:232,32,16,-16,32,16,-16,9,2,-7,5,2,-3,true,true,74496,74496,0,0,0,0,74496,74496,0,1,1,0,384,384,0,2096,1952,-144,33536,31232,-2304,R+;reg-set-change;local-current
attention.mla.sm120.prefill_mg,mla.unified.prefill_mg.dsv4.fp8.hg2,08e456f5a5daca77e6036fb8613c733d2e929c78b12ecbf8260faa07bd10c334,eca041cdb19120e09f4b8207bbb86833e8dedb051a2029f5f5b950937dda4391,7340a143254ce0c2edf0c9e079868ad959a9a2db1e60cabf27602d3c18033ba1,384,168,168,0,0-174;176-237,0-180;182-237,237,237,0,237,237,0,4-14;16-22;24-27,4-12;14;16-26,22,21,-1,27,26,-1,0-6,0-5,7,6,-1,6,5,-1,0-1,0,2,1,-1,1,0,-1,240,240,0,D:24|A:240,D:24|A:240,16,0,-16,16,0,-16,12,0,-12,3,0,-3,true,false,88448,88448,0,0,0,0,88448,88448,0,1,1,0,384,384,0,2968,2936,-32,47488,46976,-512,reg-set-change
attention.mla.sm120.prefill_mg,mla.unified.prefill_mg.dsv4.bf16.hg1,83283d9b086d44c3d228643246f7041fb30acba6080381873bd001d19a08cf90,f44054ae6600feb82ad72fafa9b5eae471e989c426324159aa844d3869c3ce62,6bce885f889565b28ee2808633ec10791515af99677320e7ac0901ed79d80aa3,384,168,168,0,0-68;70-134;136-229,0-86;88-100;104;108-176;180;184;188;192-216;218;220-222;224-229,228,208,-20,229,229,0,4-12;14;16-17,4-8;10-20;22;24;26;28;30;32;34;36,12,24,12,17,36,19,0-6,0-6,7,7,0,6,6,0,0-1,0,2,1,-1,1,0,-1,232,232,0,D:32|A:232,D:32|A:232,40,24,-16,40,24,-16,12,16,4,6,6,0,true,true,79104,79104,0,0,0,0,79104,79104,0,1,1,0,384,384,0,2056,2008,-48,32896,32128,-768,UR+;reg-set-change;LDL+;local+;local-current
attention.mla.sm120.prefill_mg,mla.unified.prefill.main,39b912c432760c48e04b7f3fda79b8810b316732a5e248c8a34d975a38dc8653,e5de7dca934ea892d51538416e6c570e479dee34ed9ee0ea63c8246f4b76ac9b,6bce885f889565b28ee2808633ec10791515af99677320e7ac0901ed79d80aa3,384,168,168,0,0-68;70-134;136-229,0-86;88-100;104;108-176;180;184;188;192-216;218;220-222;224-229,228,208,-20,229,229,0,4-12;14;16-17,4-8;10-20;22;24;26;28;30;32;34;36,12,24,12,17,36,19,0-6,0-6,7,7,0,6,6,0,0-1,0,2,1,-1,1,0,-1,232,232,0,D:32|A:232,D:32|A:232,40,24,-16,40,24,-16,12,16,4,6,6,0,true,true,79104,79104,0,0,0,0,79104,79104,0,1,1,0,384,384,0,2088,2032,-56,33408,32512,-896,UR+;reg-set-change;LDL+;local+;local-current
attention.mla.sm120.prefill_mg,mla.unified.prefill.dual,f0733c7befb15907efc9254bc5dbe57d481314133add47ed771cf20bba64c4c1,a8ba67ad07a6669bf4149165668abdf72102d250da584b91e6cc3126676bcbee,dbf11c4744fde563be44c1d833a41f552a5e64137d2663abd51bbb55e85d5ebb,384,168,168,0,0-52;54;56;58;60-62;64-126;128;130;132;134-215;217,0-128;130;132;134;136-204;206;208;210;212;214;216;218;220;222;224;226;228,208,213,5,217,228,11,4-16;18;20-22;24,4-16;18;20-22;24;26-27,18,20,2,24,27,3,0-6,0-6,7,7,0,6,6,0,0-1,0,2,1,-1,1,0,-1,232,232,0,D:32|A:232,D:32|A:232,0,0,0,0,0,0,0,0,0,0,0,0,false,false,79104,79104,0,0,0,0,79104,79104,0,1,1,0,384,384,0,2400,2336,-64,38400,37376,-1024,R+;UR+;reg-set-change
attention.mla.sm120.prefill_mg,mla.unified.prefill_mg.dsv4.bf16.hg2,ea673f66ef9d6ac8bc145270f4c191851e31cea39ce4dbd8060fc5df0f3f5ce5,4f74378b40f82b8533b01f64dd487bd533e1c7057c03c16c521a2d4d3b69d85c,6bce885f889565b28ee2808633ec10791515af99677320e7ac0901ed79d80aa3,384,168,168,0,0-72;76;80;84;88;92;96;100;104-186;188-229,0-72;76;80;84;88;92;96;100;104-186;188-229,205,205,0,229,229,0,4-8;10-20;22,4-12;14-22;24;26;28-29,17,22,5,22,29,7,0-6,0-6,7,7,0,6,6,0,0-1,0,2,1,-1,1,0,-1,232,232,0,D:32|A:232,D:32|A:232,0,0,0,0,0,0,0,0,0,0,0,0,false,false,97792,97792,0,0,0,0,97792,97792,0,1,1,0,384,384,0,2536,2488,-48,40576,39808,-768,UR+;reg-set-change
attention.mla.sm120.prefill_mg,mla.unified.prefill_mg.glm.fp8.hg1,5dbb403072ad198b4d55c430c4cde20e1d9b1a61ad6aebe0b041b0aaf8e6e61b,dfeac11c829ecb1001b270f215a108f96440c2779644d5bfe8effb34c6cddbb7,1634fe53ce1cefa052c278625d5bae76e818cbc52dedbf3be990a8ac6f9a5e3d,384,168,168,0,0-48;50;52;54;56;58;60;64-130;132;134;136;138-140;142;144;146,0-48;50;52;54;56;58;60;64-130;132-142;144;146;148,131,136,5,146,148,2,4-10;12-18;20-21,4-10;12-21,16,17,1,21,21,0,0-6,0-6,7,7,0,6,6,0,0-1,0,2,1,-1,1,0,-1,232,232,0,D:32|A:232,D:32|A:232,0,0,0,0,0,0,0,0,0,0,0,0,false,false,80256,80256,0,0,0,0,80256,80256,0,1,1,0,384,384,0,2392,2344,-48,38272,37504,-768,R+;UR+;reg-set-change
attention.mla.sm120.prefill_mg,mla.unified.prefill_mg.glm.fp8.hg2,cbec33749ceac101c43b1b3e6648f900363fec59504666102ec4bc8643ba4166,c063672dfe288461ec916bbe55bd3c4097c4396a832ec4ac1176e3aa6a566de6,1634fe53ce1cefa052c278625d5bae76e818cbc52dedbf3be990a8ac6f9a5e3d,384,168,168,0,0-72;76;80;84;88;92;96;100;104-198;200-217;219;221;223,0-64;66;68;72;76;80;84;88;92;96-198;200-220;222;224;226,196,200,4,223,226,3,4-10;12-22,4-14;16-25,18,21,3,22,25,3,0-6,0-6,7,7,0,6,6,0,0-1,0-1,2,2,0,1,1,0,232,232,0,D:32|A:232,D:32|A:232,0,0,0,0,0,0,0,0,0,0,0,0,false,false,92800,92800,0,0,0,0,92800,92800,0,1,1,0,384,384,0,4304,4240,-64,68864,67840,-1024,R+;UR+;reg-set-change
attention.mla.sm120.prefill_mg,mla.unified.glm.prefill.main,387817cbff4742f5730d25b0d1687160e91967b0d3b950a4aaa3af761bed038b,1dd9a28fc536f546292ff4bf31f0f424541d0d84a790126c25d11e9619f43747,1634fe53ce1cefa052c278625d5bae76e818cbc52dedbf3be990a8ac6f9a5e3d,384,168,168,0,0-48;52;56;60;64-114;116-136,0-48;52;56;60;64-114;116-137,124,125,1,136,137,1,4-10;12-14;16-18;20-21,4-12;14;16-21,15,16,1,21,21,0,0-3,0-3,4,4,0,3,3,0,0-1,0,2,1,-1,1,0,-1,232,232,0,D:32|A:232,D:32|A:232,0,0,0,0,0,0,0,0,0,0,0,0,false,false,80256,80256,0,0,0,0,80256,80256,0,1,1,0,384,384,0,1352,1312,-40,21632,20992,-640,R+;UR+;reg-set-change
attention.mla.sm120.prefill_mg,mla.unified.prefill_mg.glm.nvfp4_bf16.hg1,8eea86da9a3bc76c2cc2fdba7fbc4ed12895d146a6e2930cbdee3e45ed30f18e,e3aafd4e24e838f50a6a4bbd31aa3a16b7c485b9d4cf868abcd47cf2caf8df61,ea7a0dc34da81c1179487a8a5f3bf59bbefa77336dcb84ed15b6e4476738edc2,384,168,168,0,0-30;32-38;40;42;44-220;222-229,0-48;52;56;60;64-190;192-229,225,217,-8,229,229,0,4-10;12-18;20-21,4-12;14-24,16,20,4,21,24,3,0-2,0-2,3,3,0,2,2,0,0-1,0-1,2,2,0,1,1,0,232,232,0,D:32|A:232,D:32|A:232,0,0,0,0,0,0,0,0,0,0,0,0,false,false,57728,57728,0,0,0,0,57728,57728,0,1,1,0,384,384,0,4760,4712,-48,76160,75392,-768,UR+;reg-set-change
attention.mla.sm120.prefill_mg,mla.unified.prefill_mg.glm.nvfp4_bf16.hg2,4758dee1c901414968459568b0a8db2c1217a11bebee69a0badba07c9311171e,d83deb8a81ef3f3c1804ba6fa0dca29ec6a9eed4cb2d13c39818cc8799d4fc3d,ea7a0dc34da81c1179487a8a5f3bf59bbefa77336dcb84ed15b6e4476738edc2,384,168,168,0,0-196;198;200;202-229,0-80;84;88-90;92;96;100;104;108;112;116;120;124-200;202-226;228,227,196,-31,229,228,-1,4-12;14-20;22-23,4-14;16-20;22;24-25,18,19,1,23,25,2,0-4,0-6,5,7,2,4,6,2,0-1,0-1,2,2,0,1,1,0,232,232,0,D:32|A:232,D:32|A:232,128,0,-128,128,0,-128,16,0,-16,16,0,-16,true,false,78464,78464,0,0,0,0,78464,78464,0,1,1,0,384,384,0,5408,5152,-256,86528,82432,-4096,UR+;P+;reg-set-change
attention.paged.forward,paged.verify.split.fp8,83958ad87fb337d19c601b7d5d048f1deb957aec29be927a9ad5020bea8fc102,693995e33b4d9c86bb16b206d458f42294833dd9ee4c3bebbc5dcd22c5184ba4,9cca17c96c9603dddc87215dfcbae55d856c9b797a554fa7234f9b5ec0945c93,128,232,232,0,0-229,0-229,230,230,0,229,229,0,4-37,4-37,34,34,0,37,37,0,0-6,0-6,7,7,0,6,6,0,,,0,0,0,-1,-1,0,232,232,0,D:|A:,D:|A:,0,0,0,0,0,0,0,0,0,0,0,0,false,false,67584,67584,0,0,0,0,67584,67584,0,1,1,0,128,128,0,4112,4144,32,65792,66304,512,SASS-inst+;code+
attention.paged.forward,paged.decode.direct.bf16.variable_metadata,2c9d0262329787d8a1efc769bed65962b93b92c405c90d5c9dc203d519e1df92,8a60e486acca113f90a951dff0b228df0d2dd30065335475285a815e0d74fe9f,bc580778c812341cb3986f4fd3ebda469a9f520479c91693e937d46e1f03afe3,128,209,209,0,0-146;148-150;152-158;160-162;164-204;206,0-146;148-150;152-158;160-162;164-204;206,202,202,0,206,206,0,4-14;16-37;40-45;48-53;56-61;64-69,4-14;16-37;40-45;48-53;56-61;64-69,57,57,0,69,69,0,0-6,0-6,7,7,0,6,6,0,,,0,0,0,-1,-1,0,209,209,0,D:|A:,D:|A:,0,0,0,0,0,0,0,0,0,0,0,0,false,false,74752,74752,0,0,0,0,74752,74752,0,1,1,0,128,128,0,1880,1904,24,30080,30464,384,SASS-inst+;code+
attention.paged.forward,,06b6b8ec165f7d929050eda50491ea2e8696d5c3490ff39508f54a8924b5cfea,58d46c97f348bac9a09ed8fd87685975e78be412ca077135b9ec159b3ea5fd78,7cde07b979318399a763d295ebfb9c5ac0aff52409ea9418d6bb2b7730576725,128,197,197,0,0-194,0-194,195,195,0,194,194,0,4-14;16-22;24-37;40-45;48-53;56-61;64-69,4-29;32-37;40-45;48-53;56-61;64-69,56,56,0,69,69,0,0-6,0-6,7,7,0,6,6,0,,0,0,1,1,-1,0,1,197,197,0,D:|A:,D:|A:,0,0,0,0,0,0,0,0,0,0,0,0,false,false,74752,74752,0,0,0,0,74752,74752,0,1,1,0,128,128,0,2968,3320,352,47488,53120,5632,UP+;reg-set-change;SASS-inst+;code+
attention.paged.forward,paged.verify.split.bf16,1ab8d5afe3a68c85a4fd9ed776c65667d5a9bf4a1fb92bd670d0dcc72674e6e6,12af30f6921dc900d430cbe81c2f3c9e6d56327c7fe90d356bf406a60d7070ac,bc580778c812341cb3986f4fd3ebda469a9f520479c91693e937d46e1f03afe3,128,246,246,0,0-172;174;176;178;180;182;184;186;188;190;192-234;236-243,0-162;164-172;174;176;178;180;182;184;186;188;190;192-234;236-243,233,232,-1,243,243,0,4-14;16-37;40-45;48-53;56-61;64-69,4-14;16-37;40-45;48-53;56-61;64-69,57,57,0,69,69,0,0-6,0-6,7,7,0,6,6,0,,,0,0,0,-1,-1,0,246,246,0,D:|A:,D:|A:,0,0,0,0,0,0,0,0,0,0,0,0,false,false,74752,74752,0,0,0,0,74752,74752,0,1,1,0,128,128,0,3104,3120,16,49664,49920,256,reg-set-change;SASS-inst+;code+
attention.paged.forward,paged.q1024,c186e261c0a52d69b78bbf1bfa21b9da681374943af3bdaa04802b6a557b3909,f31140327188bac134622f291abd4d8368aca92285525a35aab2385ca247f878,c605d0417a2d2568e4255b2c3ce66824a63356f5e07f2470cc097c4623b73bdf,128,255,255,0,0-218;220-252,0-218;220-252,252,252,0,252,252,0,4-14;16-30;32,4-14;16-24;26-32;34,27,28,1,32,34,2,0-6,0-6,7,7,0,6,6,0,0-1,0-1,2,2,0,1,1,0,255,255,0,D:|A:,D:|A:,0,0,0,0,0,0,0,0,0,0,0,0,false,false,49152,49152,0,0,0,0,49152,49152,0,2,2,0,256,256,0,3736,3736,0,59776,59776,0,UR+;reg-set-change;ceiling-255
attention.paged.forward,paged.q8|paged.q16|paged.q64|paged.kv.fp8,aef26a0ded3d4dbb9ba59dc61c4508ed2d1ab46f7347905efa6b0a2d9a21e8e0,52e9423c77e26ef29ee4e73a797a03cc918626ff3da3d6cb3fcc3c2e065d664f,c605d0417a2d2568e4255b2c3ce66824a63356f5e07f2470cc097c4623b73bdf,128,255,255,0,0-220;222-252,0-220;222-252,252,252,0,252,252,0,4-14;16-22;24;26-28;30-31,4-14;16-22;24;26-28;30-31,24,24,0,31,31,0,0-6,0-6,7,7,0,6,6,0,0-1,0-1,2,2,0,1,1,0,255,255,0,D:|A:,D:|A:,0,0,0,0,0,0,0,0,0,0,0,0,false,false,49152,49152,0,0,0,0,49152,49152,0,2,2,0,256,256,0,3728,3728,0,59648,59648,0,ceiling-255
attention.paged.forward,paged.q128,840a669c8327df474a5c91cba02c0c0b5c8bffc340546f170aaec9184d115dca,a983ac88dd6eda7a2a46a6404d9a29fbf5f77f6c811a34463fe7a2326b1bfe55,c605d0417a2d2568e4255b2c3ce66824a63356f5e07f2470cc097c4623b73bdf,128,255,255,0,0-218;220-252,0-218;220-252,252,252,0,252,252,0,4-14;16-30;32,4-14;16-24;26-32;34,27,28,1,32,34,2,0-6,0-6,7,7,0,6,6,0,0-1,0-1,2,2,0,1,1,0,255,255,0,D:|A:,D:|A:,0,0,0,0,0,0,0,0,0,0,0,0,false,false,49152,49152,0,0,0,0,49152,49152,0,2,2,0,256,256,0,3736,3736,0,59776,59776,0,UR+;reg-set-change;ceiling-255
attention.paged.forward,paged.q256,970344de79a2930e432a8a92baa666062a398ac4a361fdf585c7f84ebd03e901,17aeb7335d1eb3ddc3cad2adb1ef7b6a910f2a49b058461d5086d132070c9c34,c605d0417a2d2568e4255b2c3ce66824a63356f5e07f2470cc097c4623b73bdf,128,255,255,0,0-218;220-252,0-218;220-252,252,252,0,252,252,0,4-14;16-30;32,4-14;16-24;26-32;34,27,28,1,32,34,2,0-6,0-6,7,7,0,6,6,0,0-1,0-1,2,2,0,1,1,0,255,255,0,D:|A:,D:|A:,0,0,0,0,0,0,0,0,0,0,0,0,false,false,49152,49152,0,0,0,0,49152,49152,0,2,2,0,256,256,0,3736,3736,0,59776,59776,0,UR+;reg-set-change;ceiling-255
attention.paged.merge,,7d3744e89aa273b87dba07c432ca27eaae84652c7cf972407b82a3ac0dde5dcb,fd1423e911ec4aa69902c40e5a5102dd28a30395df96bb09e977fc93135434c4,bfe0e9a8a985004e54f1b17b9b5dc4011de5e368c7a29d63b8af43d23ab10d33,128,40,44,4,0-37,0-41,38,42,4,37,41,4,4-16;18-22,4-16,18,13,-5,22,16,-6,0-6,0-6,7,7,0,6,6,0,0,0,1,1,0,0,0,0,40,44,4,D:|A:,D:|A:,0,0,0,0,0,0,0,0,0,0,0,0,false,false,12816,12816,0,0,0,0,12816,12816,0,7,7,0,896,896,0,880,944,64,14080,15104,1024,GPR+;R+;reg-set-change;SASS-inst+;code+
attention.paged.merge,,f1d2736583d100cb6f5332f9f5f9a3654a27678a92e00cbb5dc4547867e1f50b,e069bf6639c19c298fd226158b9aef4ea5433c381bb65ea368c178ec2369bd4a,a3cd27d2213265180f6ad3078a6e3c9bea2efae439c469f00f063f793e9f79ad,128,40,44,4,0-37,0-41,38,42,4,37,41,4,4-16;18-22,4-16,18,13,-5,22,16,-6,0-6,0-6,7,7,0,6,6,0,0,0,1,1,0,0,0,0,40,44,4,D:|A:,D:|A:,0,0,0,0,0,0,0,0,0,0,0,0,false,false,12816,12816,0,0,0,0,12816,12816,0,7,7,0,896,896,0,880,944,64,14080,15104,1024,GPR+;R+;reg-set-change;SASS-inst+;code+
attention.paged.merge,,44319aadb215f59a2f89ca096158b5361809f91d70db92733db94d3facc910c3,a96984604b1a32e906aba8ae472bd04df05ffe485aff2214f51043d12e4ca588,0e4a5f808a8befebe38e379fad6ceefdda4d21e28f3f2703aaeb8a30cfe735ca,128,40,44,4,0-37,0-41,38,42,4,37,41,4,4-16;18-22,4-16,18,13,-5,22,16,-6,0-6,0-6,7,7,0,6,6,0,0,0,1,1,0,0,0,0,40,44,4,D:|A:,D:|A:,0,0,0,0,0,0,0,0,0,0,0,0,false,false,12816,12816,0,0,0,0,12816,12816,0,7,7,0,896,896,0,880,944,64,14080,15104,1024,GPR+;R+;reg-set-change;SASS-inst+;code+
attention.paged.merge,paged.merge.persistent,4507cc4084fd17d5ee8fc6a02b03fe28118c1e15ac67d956717693b9f8e997a4,524b0dcc08abf23b1560b979e68c56f5e5085e52073e4f3cd5c85d4e488e0fa0,a3cd27d2213265180f6ad3078a6e3c9bea2efae439c469f00f063f793e9f79ad,128,40,44,4,0-37,0-41,38,42,4,37,41,4,4-16;18-22,4-16,18,13,-5,22,16,-6,0-6,0-6,7,7,0,6,6,0,0,0,1,1,0,0,0,0,40,44,4,D:|A:,D:|A:,0,0,0,0,0,0,0,0,0,0,0,0,false,false,12816,12816,0,0,0,0,12816,12816,0,7,7,0,896,896,0,880,944,64,14080,15104,1024,GPR+;R+;reg-set-change;SASS-inst+;code+
diagnostic.attention.paged.raw.bf16_extend,,105cf4c7c032268a5d8a5dd56f84021416093f6c150ca3774cd747304afa49a6,9db92f5f188376feb44a87c420c26d659c59408bced2cd818c908c8f8ecd6aa1,787e4564dc11e38b69fd82af87e36e9c4871ec896e08d108bc8f6e510ce67752,128,253,248,-5,0-158;160-182;184;186;188;190;192-250,0-245,245,246,1,250,245,-5,4-30;32-38;40-46;48-49,4-30;32-38;40-55,43,50,7,49,55,6,0-6,0-6,7,7,0,6,6,0,0-1,0,2,1,-1,1,0,-1,253,248,-5,D:|A:,D:|A:,0,0,0,0,0,0,0,0,0,0,0,0,false,false,99328,99328,0,0,0,0,99328,99328,0,1,1,0,128,128,0,2992,3040,48,47872,48640,768,R+;UR+;reg-set-change;SASS-inst+;code+
diagnostic.attention.paged.raw.bf16_extend,,faae62078502b9ec50772d7307f597a76d4094c2c091dae8099dc405918e4fda,7e8b03e91b01afbcb5e764e5d3c901cc19e7030c0fb93df5bc986ab74efd56e8,787e4564dc11e38b69fd82af87e36e9c4871ec896e08d108bc8f6e510ce67752,128,255,255,0,0-252,0-178;180-252,253,252,-1,252,252,0,4-22;24-46;48-54;56-61;64-69;72-77,4-22;24-38;40-46;48-53;56-61;64-69;72-77,67,65,-2,77,77,0,0-6,0-6,7,7,0,6,6,0,0-1,0,2,1,-1,1,0,-1,255,255,0,D:|A:,D:|A:,0,0,0,0,0,0,0,0,0,0,0,0,false,false,99328,99328,0,0,0,0,99328,99328,0,1,1,0,128,128,0,3072,3112,40,49152,49792,640,reg-set-change;SASS-inst+;code+;ceiling-255
diagnostic.attention.paged.raw.fp8_decode,,9fdb9b2ed3e7271cc885284a9b29b92c0bcb5344e690a83b8ada9f27c114ee94,0fde8fbb41bbcce97382972349cd05a2fbd59103d343c4d079a913b249874422,cf594652c306f5c825bd5e17b262b0d3f414d7ffc743f6595faf14601f31f3f0,128,255,232,-23,0-216;218-236;238;240;242;244;246;248;250;252,0-210;212-229,244,229,-15,252,229,-23,4-14;16-22;24-30;32-37,4-30;32-37,31,33,2,37,37,0,0-6,0-6,7,7,0,6,6,0,0-1,0-2,2,3,1,1,2,1,255,232,-23,D:|A:,D:|A:,0,0,0,0,0,0,0,0,0,0,0,0,false,false,67584,67584,0,0,0,0,67584,67584,0,1,1,0,128,128,0,4032,4016,-16,64512,64256,-256,UR+;UP+;reg-set-change
diagnostic.attention.paged.raw.fp8_extend,,80999ffb082cab19ecb0208cf2bb8514a36a7e1e3f2724e8779544ba2f73798a,acff56e9c0b3b902128d2baaebda859d799247d86044244ed27c6974144b5288,8bbfdb8853c2b5ce92f8a0c6ef344790cded5947da694d2005570430817a43fd,64,255,254,-1,0-252,0-251,253,252,-1,252,251,-1,4-22;24-30;32-38;40-52,4-30;32-48;50-51,46,46,0,52,51,-1,0-6,0-6,7,7,0,6,6,0,0-1,0-2,2,3,1,1,2,1,255,254,-1,D:|A:,D:|A:,0,0,0,0,0,0,0,0,0,0,0,0,false,false,50176,50176,0,0,0,0,50176,50176,0,2,2,0,128,128,0,8672,8912,240,138752,142592,3840,UP+;reg-set-change;SASS-inst+;code+
diagnostic.attention.paged.raw.fp8_extend,,bb2048455d97e9b0e8a05e509c2072bbd15e6230609ea1c561027e5928cc72f0,dcd254118591374e848de65045c0a9d2dd3773ef2601f5a60f549a3bff2bc529,8bbfdb8853c2b5ce92f8a0c6ef344790cded5947da694d2005570430817a43fd,64,255,252,-3,0-252,0-249,253,250,-3,252,249,-3,4-14;16-22;24-30;32-52;54,4-30;32-50;52-53,47,48,1,54,53,-1,0-6,0-6,7,7,0,6,6,0,0-2,0-2,3,3,0,2,2,0,255,252,-3,D:|A:,D:|A:,0,0,0,0,0,0,0,0,0,0,0,0,false,false,50176,50176,0,0,0,0,50176,50176,0,2,2,0,128,128,0,8824,9112,288,141184,145792,4608,UR+;reg-set-change;SASS-inst+;code+
diagnostic.attention.paged.raw.fp8_extend,,b7ce766ad90572837b5fbc212ec4585e2d62dbacc5023f186f48ead348b75337,b893f6af7797d63339b017711a1654b6b954ba6520ba61ab63e0612a4a19189a,2fd7fb9c37791750fe4e8ed696296803352dbcaa58141475def943056da31b2a,96,248,248,0,0-234;236;238;240;242,0-236;238;240,239,239,0,242,240,-2,4-38;40;42;44-56;58,4-14;16-46;48-55,51,50,-1,58,55,-3,0-6,0-6,7,7,0,6,6,0,0-1,0-1,2,2,0,1,1,0,248,248,0,D:|A:248,D:|A:248,0,0,0,0,0,0,0,0,0,0,0,0,false,false,58368,58368,0,0,0,0,58368,58368,0,1,1,0,96,96,0,4952,4912,-40,79232,78592,-640,reg-set-change
diagnostic.attention.paged.raw.fp8_extend,,654d2c1ab7b500ae2e9fb94a79799c9b28930caca57acfe1f886bad708e1bd1c,7dd7c903bb591f49e11a23c93119d2d3547b493a88940ac4d7603a6b2ee34397,2fd7fb9c37791750fe4e8ed696296803352dbcaa58141475def943056da31b2a,96,248,248,0,0-235,0-236,236,237,1,235,236,1,4-42;44-52;54,4-48;50;52,49,47,-2,54,52,-2,0-6,0-6,7,7,0,6,6,0,0,0,1,1,0,0,0,0,248,248,0,D:|A:248,D:|A:248,0,0,0,0,0,0,0,0,0,0,0,0,false,false,58368,58368,0,0,0,0,58368,58368,0,1,1,0,96,96,0,5008,4960,-48,80128,79360,-768,R+;reg-set-change
diagnostic.paged.planewords,diagnostic.paged_fp8_planewords,f69ee4eeb34972a0f1984891eaefe8c354905b3a788f3d149aa9c84566cc6079,71b9b3446589c578e9f1a9cbc09797838eaf78c6c0ff030fd40fb96dd50cb365,c605d0417a2d2568e4255b2c3ce66824a63356f5e07f2470cc097c4623b73bdf,128,40,42,2,0-37,0-39,38,40,2,37,39,2,4-32,4-30,29,27,-2,32,30,-2,0-6,0-6,7,7,0,6,6,0,0-4,0-4,5,5,0,4,4,0,40,42,2,D:|A:,D:|A:,0,0,0,0,0,0,0,0,0,0,0,0,false,false,67584,67584,0,0,0,0,67584,67584,0,1,1,0,128,128,0,1000,1032,32,16000,16512,512,GPR+;R+;reg-set-change;SASS-inst+;code+
gemm.dense,gemm.dense,23b007fedc8c48cfbe86fabc93996c305e3142a66ac23730c216e316588857ba,8f6b03fc28f9686d6dbee4f1f0e2963e775fb78049694b960f6854f184ebea08,a8b94f3087593b42c941c81a3cdafac5e7dedac860e7f64a57414321a3215c6a,288,46,44,-2,0-25;28-30;32;34;36-43,0-26;28;32-41,39,38,-1,43,41,-2,4-20;22;24-32,4-24;26;28-32,27,27,0,32,32,0,0-2,0-2,3,3,0,2,2,0,0-1,0-1,2,2,0,1,1,0,46,44,-2,D:|A:,D:|A:,0,0,0,0,0,0,0,0,0,0,0,0,false,false,50176,50176,0,0,0,0,50176,50176,0,2,2,0,576,576,0,384,400,16,6144,6400,256,reg-set-change;SASS-inst+;code+
gemm.dense_fused_quant_a,gemm.dense.fused_quant,1e11604b95ff4b527fa84ec9c8615ff62bb36169ee5956e6671848148d54ea13,77b506eddd4deb10c71c7ccc7c9ff16962a57007771ebb84340f4b6cf7680a42,8fceebe788e719d8c919b43a2f9076fcc29cf87fb6ae24fbceaceee4e81d00b2,288,49,51,2,0-46,0-44;46;48,47,47,0,46,48,2,4;6-20;22,4-6;8-18;20;22,17,16,-1,22,22,0,0-1,0-1,2,2,0,1,1,0,0,0,1,1,0,0,0,0,49,51,2,D:|A:,D:|A:,0,0,0,0,0,0,0,0,0,0,0,0,false,false,78848,78848,0,0,0,0,78848,78848,0,1,1,0,288,288,0,648,656,8,10368,10496,128,GPR+;R+;reg-set-change;SASS-inst+;code+
gemm.dense_fused_quant_a_grouped,gemm.dense.grouped,55325c809bb30e4f47abf0bddff6a43a25f202c1dde4cd6738bb34ca4077560e,385e67918c665ac6554994e01867e369cef7bd9a8bb57613e7e0824f2e65d3a5,8fceebe788e719d8c919b43a2f9076fcc29cf87fb6ae24fbceaceee4e81d00b2,288,56,55,-1,0-53,0-46;48;50;52,54,50,-4,53,52,-1,4-24;26;28;30;32-37,4-24;26-28;30-32,30,27,-3,37,32,-5,0-1,0-1,2,2,0,1,1,0,0-1,0-1,2,2,0,1,1,0,56,55,-1,D:|A:,D:|A:,0,0,0,0,0,0,0,0,0,0,0,0,false,false,78848,78848,0,0,0,0,78848,78848,0,1,1,0,288,288,0,736,752,16,11776,12032,256,reg-set-change;SASS-inst+;code+
gemm.mxfp8_quant_cute,gemm.mxfp8_quant.m4,5165e3e8e1b46b9848b16b7e747a3b166fa5169908bae26889a1f85ee1968ea0,d05d59065385b623f6d074a03c02f3b90ee5370f85cf35a49065fa89851d70bd,f8d910f2b3c5b1842371789c483e3493abd20689d13a09dc7ddfecb4f7999ae5,256,48,48,0,0-45,0-45,46,46,0,45,45,0,4;6;8;10,4;6;8;10,4,4,0,10,10,0,0-2,0-2,3,3,0,2,2,0,,,0,0,0,-1,-1,0,48,48,0,D:|A:,D:|A:,0,0,0,0,0,0,0,0,0,0,0,0,false,false,0,0,0,0,0,0,0,0,0,5,5,0,1280,1280,0,240,240,0,3840,3840,0,
gemm.mxfp8_quant_cute,gemm.mxfp8_quant.m16,fa686a74d70cb769aa26bd683f7eb0b136262d1571e0d7b135138c3f63bf42e1,6bcd1ae7a36c1b3f5321b88a7ea8d7a8b6d7b9fb3efbf945f7037f517cb907bb,f8d910f2b3c5b1842371789c483e3493abd20689d13a09dc7ddfecb4f7999ae5,256,29,29,0,0-2;4;6-24;26,0-2;4;6-24;26,24,24,0,26,26,0,4;6;8;10-11,4;6;8;10-11,5,5,0,11,11,0,0-3,0-3,4,4,0,3,3,0,,,0,0,0,-1,-1,0,29,29,0,D:|A:,D:|A:,0,0,0,0,0,0,0,0,0,0,0,0,false,false,0,0,0,0,0,0,0,0,0,6,6,0,1536,1536,0,152,152,0,2432,2432,0,
gemm.wo_quant_cute,gemm.weight_only_projection.group_major,0984b2fdf4a2ca189cad361995740f2a3fe9465b8e13b075db4b6eff9800a44a,3381f6605e7a479c166827a32795c0b4544d568b7e39f845945e7e11ab344b85,f4219475e6d038e372e6447cd8250015667ac951a17b30f7cd4489b102d68f72,256,34,34,0,0-10;12;14-28;30-31,0-10;12;14-28;30-31,29,29,0,31,31,0,4-6;8,4-6;8,4,4,0,8,8,0,0-6,0-6,7,7,0,6,6,0,,,0,0,0,-1,-1,0,34,34,0,D:|A:,D:|A:,0,0,0,0,0,0,0,0,0,0,0,0,false,false,0,0,0,0,0,0,0,0,0,6,6,0,1536,1536,0,152,152,0,2432,2432,0,
gemm.wo_quant_cute,gemm.weight_only_projection.grouped,239372417825287588685873ede3f7515e00b6c5b0a9d6caab1e97d7987a5e03,49e61edeec42254ead891ff0dd85462b601f8e756941114da57b8295d748731b,f4219475e6d038e372e6447cd8250015667ac951a17b30f7cd4489b102d68f72,256,36,36,0,0-8;10-20;22-33,0-8;10-20;22-33,32,32,0,33,33,0,4-8,4-8,5,5,0,8,8,0,0-4,0-4,5,5,0,4,4,0,0,0,1,1,0,0,0,0,36,36,0,D:|A:,D:|A:,0,0,0,0,0,0,0,0,0,0,0,0,false,false,0,0,0,0,0,0,0,0,0,6,6,0,1536,1536,0,168,168,0,2688,2688,0,
gemm.wo_quant_cute,gemm.weight_only_projection.inv_rope_bf16,a63f1a924cedf972d6c979cde1d0b973c9cba7ada8d31a2f2d1913f8ee5acf71,26ffb5d769adf7bc9902f94d35863a11b06b5fbe1423d4dfd67f7b32a1a51899,f4219475e6d038e372e6447cd8250015667ac951a17b30f7cd4489b102d68f72,256,40,40,0,0-20;22-24;26-37,0-20;22-24;26-37,36,36,0,37,37,0,4-9,4-9,6,6,0,9,9,0,0-4,0-4,5,5,0,4,4,0,0,0,1,1,0,0,0,0,40,40,0,D:|A:,D:|A:,0,0,0,0,0,0,0,0,0,0,0,0,false,false,0,0,0,0,0,0,0,0,0,6,6,0,1536,1536,0,192,192,0,3072,3072,0,
gemm.wo_quant_cute,gemm.weight_only_projection.inv_rope_fp32,ae36e36493276c5e9c0630937361fa92c0045d44c784465f7517fe265026c279,705b253754390e0a9bdd0adc46b3c6b8b4c1c00247d1be5a3df06f3b84e7c14f,20ee1e2a59b41eadd089ca055aa3fd560b8a2f6edf5ade38efac957d558b2026,256,40,40,0,0-20;22;24-37,0-20;22;24-37,36,36,0,37,37,0,4-9,4-9,6,6,0,9,9,0,0-4,0-4,5,5,0,4,4,0,0,0,1,1,0,0,0,0,40,40,0,D:|A:,D:|A:,0,0,0,0,0,0,0,0,0,0,0,0,false,false,0,0,0,0,0,0,0,0,0,6,6,0,1536,1536,0,192,192,0,3072,3072,0,
integration.residual.mhc_finalize_gram_hidden4096,residual.h4096.decode.fused|residual.h4096.decode.pre,f15b8847199f28fb40ae18ba7cf57a27426f4823edec28acfaf96c4b8d98bb27,68f93efd5d8d98cd9c60ab40a17fe409087b494d5b2223aea80f5416ab00b8f5,22f781182d16ddcfb2e376dc635addf19fc680825f4a48a6c326666c4af5ea1d,1024,64,64,0,0-57;59;61,0-61,60,62,2,61,61,0,4-12;14-15,4-12;14;16-17,11,12,1,15,17,2,0-2,0-3,3,4,1,2,3,1,0,0,1,1,0,0,0,0,64,64,0,D:|A:,D:|A:,0,0,0,0,0,0,0,0,0,0,0,0,false,false,4192,4192,0,0,0,0,4192,4192,0,1,1,0,1024,1024,0,2424,2416,-8,38784,38656,-128,R+;UR+;P+;reg-set-change
integration.residual.mhc_finalize_gram_hidden4096,residual.h4096.decode.split,02eeb949ae299cd1642796744d4b27f68367b42595f186da9584b57d562b6589,cc5e2be4c1e8730ae56b3eb9d1cee29e23beec77fadc91ef0fa219f398e82824,22f781182d16ddcfb2e376dc635addf19fc680825f4a48a6c326666c4af5ea1d,1024,64,64,0,0-57;59;61,0-61,60,62,2,61,61,0,4-10;12;14-15,4-12;14;16-17,10,12,2,15,17,2,0-3,0-4,4,5,1,3,4,1,0,0,1,1,0,0,0,0,64,64,0,D:|A:,D:|A:,0,0,0,0,0,0,0,0,0,0,0,0,false,false,4192,4192,0,0,0,0,4192,4192,0,1,1,0,1024,1024,0,2768,2760,-8,44288,44160,-128,R+;UR+;P+;reg-set-change
integration.residual.mhc_finalize_gram_hidden4096_compact,residual.h4096.prefill.compact|residual.h4096.prefill.block|residual.h4096.prefill.bf16_tma|residual.h4096.prefill.bf16_vector|residual.h4096.prefill.tf32_tma,e11561fdc72b927b38e76cd1c6ca4a76ce08fd1549bd41f0f4d2b79452c46f86,5594ab7fc1913392e3990c7e1ac61616854236edec65465a75abeb296d617f7b,22f781182d16ddcfb2e376dc635addf19fc680825f4a48a6c326666c4af5ea1d,256,48,48,0,0-45,0-45,46,46,0,45,45,0,4-14,4-16,11,13,2,14,16,2,0-2,0-2,3,3,0,2,2,0,0-1,0-1,2,2,0,1,1,0,48,48,0,D:|A:,D:|A:,0,0,0,0,0,0,0,0,0,0,0,0,false,false,1120,1120,0,0,0,0,1120,1120,0,5,5,0,1280,1280,0,2360,2352,-8,37760,37632,-128,UR+;reg-set-change
integration.residual.mhc_finalize_gram_hidden7168,residual.h7168.decode.fused|residual.h7168.decode.pre,1c29d557710fa4c91132c554d7b11fc602af9e74a09a40cc1c7c48e47a726e40,9571072b2f19bf98a77296eafec48b3f8d1dbc001920c6549c699c863388fa5b,22f781182d16ddcfb2e376dc635addf19fc680825f4a48a6c326666c4af5ea1d,1024,64,64,0,0-61,0-61,62,62,0,61,61,0,4-10;12;14-15,4-12;14;16-17,10,12,2,15,17,2,0-3,0-3,4,4,0,3,3,0,0,0,1,1,0,0,0,0,64,64,0,D:|A:,D:|A:,8,0,-8,8,0,-8,1,0,-1,1,0,-1,true,false,4192,4192,0,0,0,0,4192,4192,0,1,1,0,1024,1024,0,2904,2880,-24,46464,46080,-384,UR+;reg-set-change
integration.residual.mhc_finalize_gram_hidden7168,residual.h7168.decode.split,d37d63e01146a137ce3c399ea554f8cf5cfb01b094d12fc21e18435f42263d6c,2193bdc053b952f4cffb05538cd41e3bd1e6db03997b033c0aff71bbeb47e31b,22f781182d16ddcfb2e376dc635addf19fc680825f4a48a6c326666c4af5ea1d,1024,64,64,0,0-57;59;61,0-61,60,62,2,61,61,0,4-10;12;14-15,4-12;14;16-17,10,12,2,15,17,2,0-3,0-4,4,5,1,3,4,1,0,0,1,1,0,0,0,0,64,64,0,D:|A:,D:|A:,0,0,0,0,0,0,0,0,0,0,0,0,false,false,4192,4192,0,0,0,0,4192,4192,0,1,1,0,1024,1024,0,2800,2792,-8,44800,44672,-128,R+;UR+;P+;reg-set-change
integration.residual.mhc_finalize_gram_hidden7168_compact,residual.h7168.prefill.compact|residual.h7168.prefill.block|residual.h7168.prefill.bf16_tma|residual.h7168.prefill.bf16_vector|residual.h7168.prefill.tf32_tma,0637890579875d27652828678921f6e1738008cd1c08aac9795ac4c5931f8df1,14d1c23c25b5ac086502094546ea154bbdb6834558a96341eb39a60ca5da950c,22f781182d16ddcfb2e376dc635addf19fc680825f4a48a6c326666c4af5ea1d,256,48,48,0,0-45,0-45,46,46,0,45,45,0,4-14,4-16,11,13,2,14,16,2,0-2,0-2,3,3,0,2,2,0,0-1,0-1,2,2,0,1,1,0,48,48,0,D:|A:,D:|A:,0,0,0,0,0,0,0,0,0,0,0,0,false,false,1120,1120,0,0,0,0,1120,1120,0,5,5,0,1280,1280,0,2624,2624,0,41984,41984,0,UR+;reg-set-change
integration.residual.mhc_post_hidden4096_hctile128_all4,residual.h4096.decode.post,d17f51f49c0cf189600bc2b63d035678d5c4a1ef790a0fd76f7d29b3ac560323,4f41e4d6feff2542cbcc6c63e303ef0b5e6f0ec549f625201f9c431f502fc90d,0c637bf56602af386bddecb552669db20145d053c94a06d48036806f9b2a85f9,128,40,40,0,0-34;36,0-34;36,36,36,0,36,36,0,4-14;16-20;22-23,4-14;16-20;22-23,18,18,0,23,23,0,0-1,0-1,2,2,0,1,1,0,0-1,0-1,2,2,0,1,1,0,40,40,0,D:|A:,D:|A:,0,0,0,0,0,0,0,0,0,0,0,0,false,false,64,64,0,0,0,0,64,64,0,12,12,0,1536,1536,0,128,128,0,2048,2048,0,
integration.residual.mhc_post_hidden7168_hctile128_all4,residual.h7168.decode.post,95994e17a7dc012f7074fd2ca186fdb38b592c5644deeea7092e1f48d4c5d597,80406649fff192290eac6c40b2970e730d33f049150d1f3960c3cabe046e0593,0c637bf56602af386bddecb552669db20145d053c94a06d48036806f9b2a85f9,128,40,40,0,0-34;36,0-34;36,36,36,0,36,36,0,4-14;16-20;22-23,4-14;16-20;22-23,18,18,0,23,23,0,0-1,0-1,2,2,0,1,1,0,0-1,0-1,2,2,0,1,1,0,40,40,0,D:|A:,D:|A:,0,0,0,0,0,0,0,0,0,0,0,0,false,false,64,64,0,0,0,0,64,64,0,12,12,0,1536,1536,0,128,128,0,2048,2048,0,
integration.residual.mhc_post_pre_decode_split_n_hidden4096_s4n6x1,residual.h4096.decode.split,18d36e770f1df35c53e3771bedd2e2c128486ab757ddb8a2471f7c2ee60a73df,e3e2ddd6e9b03efea636518b0f9b94960059ff785791d08d25a6315d984c3572,353746266dd602bb2af7e35ecf814e78cf2385e461baba7e6829087529351b57,256,80,80,0,0-48;50;52-54;56-77,0-56;58;60-77,75,76,1,77,77,0,4-12;14-24;26-29,4-14;16-29,24,25,1,29,29,0,0-2,0-3,3,4,1,2,3,1,,0,0,1,1,-1,0,1,80,80,0,D:|A:,D:|A:,0,0,0,0,0,0,0,0,0,0,0,0,false,false,624,624,0,0,0,0,624,624,0,3,3,0,768,768,0,936,912,-24,14976,14592,-384,R+;UR+;P+;UP+;reg-set-change
integration.residual.mhc_post_pre_decode_split_n_hidden7168_s4n6x1,residual.h7168.decode.split,a7804e8293a48176bfe4921df579154e5a360adce9b03f2bab2939fefa647308,cf8d7b1b678c396a55185cdee60021d39e19a08f3a938cfb696ffec28ec8dc44,353746266dd602bb2af7e35ecf814e78cf2385e461baba7e6829087529351b57,256,80,80,0,0-56;58-77,0-56;58-77,77,77,0,77,77,0,4-8;10-18;20-29,4-8;10-24;26-29,24,24,0,29,29,0,0-4,0-4,5,5,0,4,4,0,,,0,0,0,-1,-1,0,80,80,0,D:|A:,D:|A:,0,0,0,0,0,0,0,0,0,0,0,0,false,false,624,624,0,0,0,0,624,624,0,3,3,0,768,768,0,1312,1296,-16,20992,20736,-256,reg-set-change
integration.residual.mhc_post_pre_partial_hidden4096_hctile128_all4,residual.h4096.decode.fused,3a0e4305f75acf2b7c490b5f154a7c8d4a63dd119983151e2efce570bec40ecc,95d8403724ed4771e5132197a31705bf7cee4854972c15da907d97e183fff594,0c637bf56602af386bddecb552669db20145d053c94a06d48036806f9b2a85f9,128,40,40,0,0-37,0-37,38,38,0,37,37,0,4-18;20-25,4-18;20-25,21,21,0,25,25,0,0-2,0-2,3,3,0,2,2,0,0,0,1,1,0,0,0,0,40,40,0,D:|A:,D:|A:,0,0,0,0,0,0,0,0,0,0,0,0,false,false,224,224,0,0,0,0,224,224,0,12,12,0,1536,1536,0,536,536,0,8576,8576,0,
integration.residual.mhc_post_pre_partial_hidden7168_hctile128_all4,residual.h7168.decode.fused,fb731c79c2ff82939257277ae0e5b12d621db0318e1e1c77ad4bbc398ca21594,d22182b8f6ed3b906b8307717392c082333d842aad5ab86653fcef47df426878,0c637bf56602af386bddecb552669db20145d053c94a06d48036806f9b2a85f9,128,40,40,0,0-37,0-37,38,38,0,37,37,0,4-18;20-25,4-18;20-25,21,21,0,25,25,0,0-2,0-2,3,3,0,2,2,0,0,0,1,1,0,0,0,0,40,40,0,D:|A:,D:|A:,0,0,0,0,0,0,0,0,0,0,0,0,false,false,224,224,0,0,0,0,224,224,0,12,12,0,1536,1536,0,536,536,0,8576,8576,0,
integration.residual.mhc_post_pre_prefill_block_m_partial_hidden4096_threads512_m2_n24,residual.h4096.prefill.block,a55c52ff4de18eb8b670abc19a67b22cbfe8b54a4f9c6fa407a3886748fa16b7,faf04138fff69d926908327ec2a7a08b16f4eaaee9a799f7bf701d5101275767,471221b9a1ac79b436ab0e723f99d04992709496f6faada181e7a0f46de9da5d,512,110,110,0,0-107,0-103;105;107,108,106,-2,107,107,0,4-18;20-33,4-16;18-29,29,25,-4,33,29,-4,0-4,0-4,5,5,0,4,4,0,0-1,0,2,1,-1,1,0,-1,110,110,0,D:|A:,D:|A:,0,0,0,0,0,0,0,0,0,0,0,0,false,false,4480,4480,0,0,0,0,4480,4480,0,1,1,0,512,512,0,7096,6944,-152,113536,111104,-2432,reg-set-change
integration.residual.mhc_post_pre_prefill_block_m_partial_hidden7168_threads512_m2_n12,residual.h7168.prefill.block,f821ebda70f4739da06417e0292e1c755106de2710b966b932b141bd4c7ca5fe,e7f5fb29b8367b3b56e09db7e219d8a41cbc3d6943183480f702224449868b9e,471221b9a1ac79b436ab0e723f99d04992709496f6faada181e7a0f46de9da5d,512,128,128,0,0-125,0-125,126,126,0,125,125,0,4-16;18-29,4-16;18-29,25,25,0,29,29,0,0-4,0-4,5,5,0,4,4,0,0,0,1,1,0,0,0,0,128,128,0,D:|A:,D:|A:,0,0,0,0,0,0,0,0,0,0,0,0,false,false,4480,4480,0,0,0,0,4480,4480,0,1,1,0,512,512,0,8104,8120,16,129664,129920,256,SASS-inst+;code+
integration.residual.mhc_post_pre_prefill_gram_hidden4096_threads1024,residual.h4096.prefill.bf16_tma|residual.h4096.prefill.bf16_vector|residual.h4096.prefill.tf32_tma,27040623e93dfcd0a4005d8ae26612af4fe7faf0933839aa3c525dd5b21f7777,e856eaa4bcdad5b68d1def00164ddd99baeea866759d303fd6b17f04a65863db,64f79dd46bf9de46070050525f9a630aa7c59bc26f3623fb80dde205787b9126,1024,60,60,0,0-55;57,0-55;57,57,57,0,57,57,0,4-14;16;18;20;22-23,4-14;16;18;20;22-23,16,16,0,23,23,0,0-1,0-3,2,4,2,1,3,2,0-2,0-2,3,3,0,2,2,0,60,60,0,D:|A:,D:|A:,0,0,0,0,0,0,0,0,0,0,0,0,false,false,1360,1360,0,0,0,0,1360,1360,0,1,1,0,1024,1024,0,880,864,-16,14080,13824,-256,P+;reg-set-change
integration.residual.mhc_post_pre_prefill_gram_hidden7168_threads1024,residual.h7168.prefill.bf16_tma|residual.h7168.prefill.bf16_vector|residual.h7168.prefill.tf32_tma,65b7112820fc1b90ae9404b8d79104fb40e8b5cfc0a7d69cd0429796d6417123,6e6673594b26a356a89f3f991c4f7b62af16387b0b9d84c0b0c905539958e986,64f79dd46bf9de46070050525f9a630aa7c59bc26f3623fb80dde205787b9126,1024,64,64,0,0-61,0-61,62,62,0,61,61,0,4-10;12;14;16;18-19,4-8;10;12;14;16;18-19,12,11,-1,19,19,0,0-1,0-3,2,4,2,1,3,2,0-1,0-1,2,2,0,1,1,0,64,64,0,D:|A:,D:|A:,0,0,0,0,0,0,0,0,0,0,0,0,false,false,1360,1360,0,0,0,0,1360,1360,0,1,1,0,1024,1024,0,1072,1056,-16,17152,16896,-256,P+;reg-set-change
integration.residual.mhc_post_pre_prefill_partial_hidden4096_threads512,residual.h4096.prefill.compact,e4695fe84c9f8da938c967b071c57b6e6e957b4026e1c8412d13ee3ed9e9197c,c8cd21c225b02de5ea31ab2c5898fb2a8d33b685bf6cc54e3f8372acce4e617e,d1c0f97905b27439e1b2ee93d90a3073d89afdb1b8723c218d5230d1a81ac05e,512,96,128,32,0-83;85;87;89;91;93,0-125,89,126,37,93,125,32,4-18;20-25,4-18;20-25,21,21,0,25,25,0,0-1,0-1,2,2,0,1,1,0,0,0,1,1,0,0,0,0,96,128,32,D:|A:,D:|A:,0,0,0,0,0,0,0,0,0,0,0,0,false,false,2240,2240,0,0,0,0,2240,2240,0,1,1,0,512,512,0,3560,3560,0,56960,56960,0,GPR+;R+;reg-set-change
integration.residual.mhc_post_pre_prefill_partial_hidden7168_threads512,residual.h7168.prefill.compact,d26e69a632fc33843b7f6da1167605b844138bad91c830792a0d934545f70e29,7b692e3c3e6e2d86dec5a2718558c83e9c767f7eaf822dcdc41ec50307e29fcf,d1c0f97905b27439e1b2ee93d90a3073d89afdb1b8723c218d5230d1a81ac05e,512,96,128,32,0-81;83;85;87;89;91;93,0-125,88,126,38,93,125,32,4-18;20-25,4-18;20-25,21,21,0,25,25,0,0-1,0-1,2,2,0,1,1,0,0,0,1,1,0,0,0,0,96,128,32,D:|A:,D:|A:,0,0,0,0,0,0,0,0,0,0,0,0,false,false,2240,2240,0,0,0,0,2240,2240,0,1,1,0,512,512,0,5320,5320,0,85120,85120,0,GPR+;R+;reg-set-change
integration.residual.mhc_pre_partial_hidden4096_hctile128_all4,residual.h4096.decode.pre,e45dd0932e0b37e0f3ed2397e2d0130a1926385b8a5c46d0cd9252868bc88599,e38e74c4abce5f132c8071212b6ae0582e08940a349a129d798e93a25e7fac92,fecf13fe0d3ba4c0079579727b7f3f974ec57c18d2558cacbe6f9550523431b9,128,40,40,0,0-35;37,0-35;37,37,37,0,37,37,0,4-8;10-11,4-8;10-11,7,7,0,11,11,0,0-2,0-2,3,3,0,2,2,0,,,0,0,0,-1,-1,0,40,40,0,D:|A:,D:|A:,0,0,0,0,0,0,0,0,0,0,0,0,false,false,224,224,0,0,0,0,224,224,0,12,12,0,1536,1536,0,304,312,8,4864,4992,128,SASS-inst+;code+
integration.residual.mhc_pre_partial_hidden7168_hctile128_all4,residual.h7168.decode.pre,36bff66ea2b3c32e81902fdc6cd1121cb9e13e23f3e6d76a70c259a07d80d59b,2403660ec6437a42f6ddfd3ab492c85a56b9597a30a7843246d765744604131d,fecf13fe0d3ba4c0079579727b7f3f974ec57c18d2558cacbe6f9550523431b9,128,40,40,0,0-35;37,0-35;37,37,37,0,37,37,0,4-8;10-11,4-8;10-11,7,7,0,11,11,0,0-2,0-2,3,3,0,2,2,0,,,0,0,0,-1,-1,0,40,40,0,D:|A:,D:|A:,0,0,0,0,0,0,0,0,0,0,0,0,false,false,224,224,0,0,0,0,224,224,0,12,12,0,1536,1536,0,304,312,8,4864,4992,128,SASS-inst+;code+
integration.residual.mhc_prefill_bf16_project_hidden4096_m16_n8,residual.h4096.prefill.bf16_vector,3c0c644ee75d359e10e7c70de982fc32a412f9baa4fb22ad5f0f8cfad1533b3c,eebaaed6e09c626c3488e22ecc2d284d614faaf28680f14c03ec282c00e56010,866c64d49b3f1fcf1da874ef7cdca0b48ba7470160d45fc4c4663d8f6d91a7e2,32,28,28,0,0-25,0-25,26,26,0,25,25,0,4-6;8-9,4-6;8-9,5,5,0,9,9,0,0-3,0-3,4,4,0,3,3,0,,,0,0,0,-1,-1,0,28,28,0,D:|A:,D:|A:,0,0,0,0,0,0,0,0,0,0,0,0,false,false,512,512,0,0,0,0,512,512,0,24,24,0,768,768,0,31856,32880,1024,509696,526080,16384,SASS-inst+;code+
integration.residual.mhc_prefill_bf16_project_hidden7168_m16_n8,residual.h7168.prefill.bf16_vector,748e7d037719d9df4b9c0496c9653de6b3c421ec78f6bde67eb97a0d9b349d37,c2b2f91ebd763ce1dd86df28b9d523bf5a1f368a62db6b6823e5019fbe7f4d08,851f289d322291c3ad9f44770860e1ea1df4b7f6ea3e836f802aad406d5dba81,32,31,31,0,0-28,0-28,29,29,0,28,28,0,4-6;8-9,4-6;8-9,5,5,0,9,9,0,0-3,0-3,4,4,0,3,3,0,,,0,0,0,-1,-1,0,31,31,0,D:|A:,D:|A:,0,0,0,0,0,0,0,0,0,0,0,0,false,false,512,512,0,0,0,0,512,512,0,24,24,0,768,768,0,51056,52848,1792,816896,845568,28672,SASS-inst+;code+
integration.residual.mhc_prefill_bf16_project_tma_hidden4096_m128_n16,residual.h4096.prefill.bf16_tma,919332856998a152b758138e7f13cb9504cd39b10c4e1791c4f460fc55de2601,42cea4cdf014eababfaf107f7987891d4960ee8786f3f89571269ff4e4a089aa,93ea99f4b4de3789bb291c1c92963ac0336d4389a044019457cda19c09a738d6,288,39,40,1,0-14;16;18;20-36,0-10;12-18;20;22;24-37,34,34,0,36,37,1,4-23,4-19,20,16,-4,23,19,-4,0-6,0-6,7,7,0,6,6,0,,,0,0,0,-1,-1,0,39,40,1,D:|A:,D:|A:,0,0,0,0,0,0,0,0,0,0,0,0,false,false,56320,56320,0,0,0,0,56320,56320,0,1,1,0,288,288,0,15360,13680,-1680,245760,218880,-26880,GPR+;R+;reg-set-change
integration.residual.mhc_prefill_bf16_project_tma_hidden7168_m128_n16,residual.h7168.prefill.bf16_tma,fd7c3bca8cf76beed085056198c638ea924227553e7bb661eb1412b1a20bea81,43f37b1342f87fb4eedfa4c7d2c47b086210cd470e879fe7c6b14ac262975d44,1861ff3004a6be1baef3199f129dd44591203664256dea869cfd32123941032d,288,39,40,1,0-14;16;18;20-36,0-10;12-18;20;22;24-37,34,34,0,36,37,1,4-23,4-19,20,16,-4,23,19,-4,0-6,0-6,7,7,0,6,6,0,,,0,0,0,-1,-1,0,39,40,1,D:|A:,D:|A:,0,0,0,0,0,0,0,0,0,0,0,0,false,false,56320,56320,0,0,0,0,56320,56320,0,1,1,0,288,288,0,26688,23728,-2960,427008,379648,-47360,GPR+;R+;reg-set-change
integration.residual.mhc_prefill_tf32_project_tma_hidden4096_m16_n8,residual.h4096.prefill.tf32_tma,40ea1bbd3b9f1feab1d34acb69494e8778d06c84b650ecedaac33ec5a24c1935,bc4fa20107e3535c5352fd479ad6c460f6763d12fa0f3e056b435f3937519c6a,46545979bd221341ca24f043d3fbf0902f8ddc0c3dcc67c2027285f7a8b34c28,64,216,219,3,0-213,0-216,214,217,3,213,216,3,4-44;46;48;50;52;54;56;58,4-52;54;56;58;60;62;64;66;68;70;72;74;76,48,61,13,58,76,18,0-2,0-1,3,2,-1,2,1,-1,0,0,1,1,0,0,0,0,216,219,3,D:|A:,D:|A:,0,0,0,0,0,0,0,0,0,0,0,0,false,false,17408,17408,0,0,0,0,17408,17408,0,4,4,0,256,256,0,1224,1240,16,19584,19840,256,GPR+;R+;UR+;reg-set-change;SASS-inst+;code+
integration.residual.mhc_prefill_tf32_project_tma_hidden7168_m16_n8,residual.h7168.prefill.tf32_tma,8fa4f5b4c4812ff76bc881d4cf4103b43e14dda1b78d69b335ad32cadcb8f7a5,2a31952b15b26bb9fb539474564ef582e59a670410d30e02b8e65a61043e433a,d7968e5a1369fc387e4cdef24547079b717622b36857453888d307ff8b6debe3,64,216,215,-1,0-213,0-212,214,213,-1,213,212,-1,4-44;46;48;50;52;54;56;58,4-16;18;20-44;46;48;50;52;54;56;58;60,48,47,-1,58,60,2,0-2,0-1,3,2,-1,2,1,-1,0,0,1,1,0,0,0,0,216,215,-1,D:|A:,D:|A:,0,0,0,0,0,0,0,0,0,0,0,0,false,false,17408,17408,0,0,0,0,17408,17408,0,4,4,0,256,256,0,1224,1232,8,19584,19712,128,UR+;reg-set-change;SASS-inst+;code+
integration.tp_moe.dynamic,moe.dynamic,0bc508dbd1653bc3e566d299b82587caa85c1c5c1c320e70edf24831724f9d02,01edf2e1a002d211a6f59e9f14df581ce125941900f4b421186fed56439f456a,c2f62c4a0628647a0b705addfafddae756ddb2b48d67bf2cd4764662866fdfe6,288,168,168,0,0-165,0-165,166,166,0,165,165,0,4;6-14;16-22;24;26;28-30;32-35;79,4-6;8-24;26;28;79,27,23,-4,79,79,0,0-6,0-6,7,7,0,6,6,0,0-2,0-2,3,3,0,2,2,0,168,168,0,D:|A:,D:|A:,304,336,32,304,336,32,145,133,-12,107,104,-3,true,true,75776,75776,0,0,0,0,75776,75776,0,1,1,0,288,288,0,6376,6288,-88,102016,100608,-1408,reg-set-change;frame+;stack+;local+;local-current
integration.tp_moe.dynamic,w4a8.materialized.silu.mx.m4096,155c03993f48e837eff1d8c8016fb88acdd1e7e940e0634140a3fdcad9a5ef27,4e30bc397c71aa3ecc254308d06d5414038d2b030a33a25fcc743d65bbb3ed07,66266928659063d3db5eb87812fcd5ef9d2e9851903dbb76c6cd5a6292d469ee,320,47,47,0,0-44,0-44,45,45,0,44,44,0,4-10;12;14;16,4-10;12;14;16;18;20,10,12,2,16,20,4,0-5,0-5,6,6,0,5,5,0,0-1,0-1,2,2,0,1,1,0,47,47,0,D:|A:,D:|A:,0,0,0,0,0,0,0,0,0,0,0,0,false,false,61440,61440,0,0,0,0,61440,61440,0,1,1,0,320,320,0,1088,1088,0,17408,17408,0,UR+;reg-set-change
integration.tp_moe.dynamic,w4a8.materialized.silu.mx.m4096,155c03993f48e837eff1d8c8016fb88acdd1e7e940e0634140a3fdcad9a5ef27,4e30bc397c71aa3ecc254308d06d5414038d2b030a33a25fcc743d65bbb3ed07,c773afc3bc976b30196639d847c4e045be9d753a87f9b525ed3e87c69f93c56d,128,236,232,-4,0-228;230-233,0-229,233,230,-3,233,229,-4,4-10;12-14;16-19,4-12;14;16;18-19,14,13,-1,19,19,0,0-2,0-2,3,3,0,2,2,0,0,0,1,1,0,0,0,0,236,232,-4,D:|A:,D:|A:,0,0,0,0,0,0,0,0,0,0,0,0,false,false,35840,35840,0,0,0,0,35840,35840,0,2,2,0,256,256,0,2192,2248,56,35072,35968,896,reg-set-change;SASS-inst+;code+
integration.tp_moe.dynamic,w4a8.materialized.silu.mx.m4096,155c03993f48e837eff1d8c8016fb88acdd1e7e940e0634140a3fdcad9a5ef27,4e30bc397c71aa3ecc254308d06d5414038d2b030a33a25fcc743d65bbb3ed07,63ff75867d441715a42149474a9c31680bedab4a116f1550218ec3c1e9908f90,128,168,168,0,0-150;152;154;156;158-165,0-152;154-165,162,165,3,165,165,0,4-8;10-13,4-6;8-13,9,9,0,13,13,0,0-6,0-6,7,7,0,6,6,0,0,0,1,1,0,0,0,0,168,168,0,D:|A:,D:|A:,0,0,0,0,0,0,0,0,0,0,0,0,false,false,34816,34816,0,0,0,0,34816,34816,0,2,2,0,256,256,0,1144,1200,56,18304,19200,896,R+;reg-set-change;SASS-inst+;code+
integration.tp_moe.dynamic,,0f5e33348887f5cf904ce38a4e33871b7a2e951d3cd63655a5dd2a82021c68d5,514425ce04a400bbc91d8adb5fab166486efa23841817f49ecc0d57dc08629a0,66266928659063d3db5eb87812fcd5ef9d2e9851903dbb76c6cd5a6292d469ee,320,46,47,1,0-43,0-44,44,45,1,43,44,1,4-10;12;14;16,4-10;12;14;16;18;20,10,12,2,16,20,4,0-4,0-6,5,7,2,4,6,2,0-1,0-1,2,2,0,1,1,0,46,47,1,D:|A:,D:|A:,0,0,0,0,0,0,0,0,0,0,0,0,false,false,61440,61440,0,0,0,0,61440,61440,0,1,1,0,320,320,0,1080,1072,-8,17280,17152,-128,GPR+;R+;UR+;P+;reg-set-change
integration.tp_moe.dynamic,,0f5e33348887f5cf904ce38a4e33871b7a2e951d3cd63655a5dd2a82021c68d5,514425ce04a400bbc91d8adb5fab166486efa23841817f49ecc0d57dc08629a0,c773afc3bc976b30196639d847c4e045be9d753a87f9b525ed3e87c69f93c56d,128,236,232,-4,0-228;230-233,0-229,233,230,-3,233,229,-4,4-10;12-14;16-19,4-12;14;16;18-19,14,13,-1,19,19,0,0-5,0-5,6,6,0,5,5,0,0,0,1,1,0,0,0,0,236,232,-4,D:|A:,D:|A:,0,0,0,0,0,0,0,0,0,0,0,0,false,false,35840,35840,0,0,0,0,35840,35840,0,2,2,0,256,256,0,2256,2304,48,36096,36864,768,reg-set-change;SASS-inst+;code+
integration.tp_moe.dynamic,,0f5e33348887f5cf904ce38a4e33871b7a2e951d3cd63655a5dd2a82021c68d5,514425ce04a400bbc91d8adb5fab166486efa23841817f49ecc0d57dc08629a0,63ff75867d441715a42149474a9c31680bedab4a116f1550218ec3c1e9908f90,128,168,168,0,0-150;152;154;156;158-165,0-152;154-165,162,165,3,165,165,0,4-8;10-13,4-6;8-13,9,9,0,13,13,0,0-6,0-6,7,7,0,6,6,0,0,0,1,1,0,0,0,0,168,168,0,D:|A:,D:|A:,0,0,0,0,0,0,0,0,0,0,0,0,false,false,34816,34816,0,0,0,0,34816,34816,0,2,2,0,256,256,0,1056,1072,16,16896,17152,256,R+;reg-set-change;SASS-inst+;code+
integration.tp_moe.micro_direct,moe.micro,9410c16b77c3f5eaa4a4a3b2635de5cb2021ca0d69cd9a572d7a0a1eacb3b071,50e92c2480de1001af2c0ad2641df01ab0e2786ff4b08a64f861019d33ceee59,b2cba51394ef95b5186ecaf964e5512b6a8b8c85146aa3f81ec0c65c5f468d57,512,78,78,0,0-70;72-75,0-70;72-75,75,75,0,75,75,0,4-8;10-13,4-8;10-13,9,9,0,13,13,0,0-6,0-6,7,7,0,6,6,0,0,0,1,1,0,0,0,0,78,78,0,D:|A:,D:|A:,0,0,0,0,0,0,0,0,0,0,0,0,false,false,0,0,0,1168,1168,0,1168,1168,0,1,1,0,512,512,0,1952,1968,16,31232,31488,256,SASS-inst+;code+
integration.tp_moe.tiny_decode,moe.tiny_decode,d62452570aa283a5fceda983147c4cfd2d8240f20d60e6886f61b644e1d735b7,e1e5981963a6a7dede947266e40e2993e4910a88b790fb85ae73adad08549ca8,c8555b892d675bc77fa75eab593d1bbe384a44b4f80e834c91419b0b6173a2c8,256,69,69,0,0-54;56-66,0-54;56-66,66,66,0,66,66,0,4;6,4;6,2,2,0,6,6,0,0-6,0-6,7,7,0,6,6,0,,,0,0,0,-1,-1,0,69,69,0,D:|A:,D:|A:,0,0,0,0,0,0,0,0,0,0,0,0,false,false,0,0,0,0,0,0,0,0,0,3,3,0,768,768,0,2696,2696,0,43136,43136,0,
integration.tp_moe.tiny_decode,moe.tiny_decode,a907a087fca9ba405e4a11fe532d6b30d17088ddb6a599e58df6e049ee152738,76cd339b1c94e68aacfdc5953c600337e7a281ab1ac66b8f33eefd3a8763e0ef,38ec82d70f33299a4641a09f5055b65478abf0cded0923d091dd5a2dd70d95ba,256,64,58,-6,0-61,0-55,62,56,-6,61,55,-6,4;6,4;6,2,2,0,6,6,0,0-6,0-6,7,7,0,6,6,0,,,0,0,0,-1,-1,0,64,58,-6,D:|A:,D:|A:,0,0,0,0,0,0,0,0,0,0,0,0,false,false,0,0,0,0,0,0,0,0,0,4,4,0,1024,1024,0,1672,1704,32,26752,27264,512,reg-set-change;SASS-inst+;code+
moe.w4a16.activation,w4a16.activation,d7057b95bebd4c3777454df81999069cc1d549a7342c1bd6a3380f9eec6f5db3,a13134de637c55dafc82542a5cc3f37e0991c6f1bdb9bce4e6bc413570447d23,2a49eeacb03f4ab3fb434b814d82a3ef6ce017017f0501171d0b62873ac638f0,256,16,16,0,0-13,0-13,14,14,0,13,13,0,4,4,1,1,0,4,4,0,0-2,0-2,3,3,0,2,2,0,,,0,0,0,-1,-1,0,16,16,0,D:|A:,D:|A:,0,0,0,0,0,0,0,0,0,0,0,0,false,false,0,0,0,0,0,0,0,0,0,6,6,0,1536,1536,0,168,168,0,2688,2688,0,
moe.w4a16.fused_moe,w4a16.e8m0_k32,c6c90a87ade34226d28706912bbbf382b24514885d4041d7f26a916328cdf719,962ff3b339b5fde921799e93ad959924b4862dc7b81153cd70184a59754a6788,ced424f277b35009e102c2b9609325292248a97e416c49f7506e90d17824a9cb,256,90,90,0,0-85;87,0-85;87,87,87,0,87,87,0,4-8;10,4-8,6,5,-1,10,8,-2,0-6,0-6,7,7,0,6,6,0,,,0,0,0,-1,-1,0,90,90,0,D:|A:,D:|A:,0,0,0,0,0,0,0,0,0,0,0,0,false,false,52224,52224,0,0,0,0,52224,52224,0,1,1,0,256,256,0,1672,1664,-8,26752,26624,-128,reg-set-change
moe.w4a16.fused_moe,w4a16.fused,ccfeba5ceedeac848bf224e8508f28a9ef6a90f1e53d10f9dc8812f38745c415,89fba2de6449ba15151b83f3ac16ecd81b0ff5d9bd0a2d0286b27f2304758d5c,6de3223dc36a6a8c230e231582e98e74fa04c2cd07bb76fdbb8b7e589a6432b8,256,94,94,0,0-89;91,0-89;91,91,91,0,91,91,0,4-8,4-10,5,7,2,8,10,2,0-6,0-6,7,7,0,6,6,0,,,0,0,0,-1,-1,0,94,94,0,D:|A:,D:|A:,0,0,0,0,0,0,0,0,0,0,0,0,false,false,54272,54272,0,0,0,0,54272,54272,0,1,1,0,256,256,0,1920,1912,-8,30720,30592,-128,UR+;reg-set-change
moe.w4a16.fused_moe,w4a16.nf3,c47d26c28d20b4277c659b18a9eb678300c06de7c945e41cc4575097c3ef509e,49cc10ed0f4fbe9290e942a4cc51f5ff85c58fc404f00c3918318005a476cfe1,5582b4e3f458068a622a770e30c5ad1af8f1a671201406005c2b2431b6d7d617,128,240,237,-3,0-224;226;228-237,0-222;224;226-232;234,236,232,-4,237,234,-3,4-10;12,4-10;12,8,8,0,12,12,0,0-6,0-6,7,7,0,6,6,0,0,,1,0,-1,0,-1,-1,240,237,-3,D:|A:,D:|A:,0,0,0,0,0,0,0,0,0,0,0,0,false,false,52224,52224,0,0,0,0,52224,52224,0,1,1,0,128,128,0,6072,5936,-136,97152,94976,-2176,reg-set-change
moe.w4a16.fused_moe,w4a16.prefill.m8192|w4a16.prefill.m16384|w4a16.prefill.m24576|w4a16.prefill.m32768,367125735a16899e06b2fd95e69591044c9cb51405511862e0efd6f59ffa6cc0,626995c76bed8a91eb2864e626ba72a9c8b0faae6716b142c431e91428b41d1c,9fa2161b39091f81ae24035c69dc4ca5766acacfc444ccef287bf6af0af1c825,128,244,239,-5,0-236;238-241,0-230;232;234-236,241,235,-6,241,236,-5,4-10;12-13,4-10,9,7,-2,13,10,-3,0-6,0-6,7,7,0,6,6,0,0-1,0,2,1,-1,1,0,-1,244,239,-5,D:|A:,D:|A:,0,0,0,0,0,0,0,0,0,0,0,0,false,false,84992,84992,0,0,0,0,84992,84992,0,1,1,0,128,128,0,7448,7232,-216,119168,115712,-3456,reg-set-change
moe.w4a16.fused_moe,w4a16.decode.m8|w4a16.decode.m23|w4a16.decode.m33|w4a16.decode.m80,768ad70185a1a96c0e1774e2c4f99e8848c95c4401a21e9a1e6d3d99bc2b2254,e42e0cfb412ea6d9b331f935bcdb0ab4c4a1a0baedee7e363682b5710c757a3c,9fa2161b39091f81ae24035c69dc4ca5766acacfc444ccef287bf6af0af1c825,128,116,116,0,0-113,0-113,114,114,0,113,113,0,4-8;10,4-8;10,6,6,0,10,10,0,0-6,0-6,7,7,0,6,6,0,0,0,1,1,0,0,0,0,116,116,0,D:|A:,D:|A:,0,0,0,0,0,0,0,0,0,0,0,0,false,false,35840,35840,0,0,0,0,35840,35840,0,2,2,0,256,256,0,3904,3888,-16,62464,62208,-256,
moe.w4a16.fused_moe,w4a16.decode.m1|w4a16.decode.m2|w4a16.decode.m4,a815e88a72ceadacf397843229aae2b9e195def107ba3cc25b50bca88d25100d,f2ce38e8813bd615aa963053acaf52b42abccb06fc76699455504de3d1aa25dc,9fa2161b39091f81ae24035c69dc4ca5766acacfc444ccef287bf6af0af1c825,128,109,110,1,0-106,0-107,107,108,1,106,107,1,4-8,4-8,5,5,0,8,8,0,0-6,0-6,7,7,0,6,6,0,0,0,1,1,0,0,0,0,109,110,1,D:|A:,D:|A:,0,0,0,0,0,0,0,0,0,0,0,0,false,false,35840,35840,0,0,0,0,35840,35840,0,2,2,0,256,256,0,3792,3792,0,60672,60672,0,GPR+;R+;reg-set-change
moe.w4a16.gemm,w4a16.gemm,b8786f12e68d95b6436c8619812a07db2cb6f6f39dd727c85cee3415cd5df81c,78bf6e6dc60603a0b381eff6a44525e38e9fb614c2cfeaf171e9f0c233c701cb,9bc42bc82f3a3fb33f82f5de5ab4fa384ea126b98e3e257eae157b44926fcca6,128,234,238,4,0-231,0-232;234-235,232,235,3,231,235,4,4-28,4-18;20,25,16,-9,28,20,-8,0-6,0-6,7,7,0,6,6,0,0-3,0,4,1,-3,3,0,-3,234,238,4,D:|A:,D:|A:,0,0,0,0,0,0,0,0,0,0,0,0,false,false,53248,53248,0,0,0,0,53248,53248,0,1,1,0,128,128,0,3232,3208,-24,51712,51328,-384,GPR+;R+;reg-set-change
moe.w4a16.small_m_direct,w4a16.native_small_m,5f2f4d1dc21b086d371315981ac5b5229deefa0bad4ce1dbdfb921faaef6a1d5,19232c838124bb9c80d4d7551a21d8e9b3b1d350c36de46941daaf6920b57e8a,dfd2d0d2e163a2f66fd812fb1e97454e6fe9e9d697d6bb990acfd012206da20a,512,78,78,0,0-75,0-75,76,76,0,75,75,0,4-6;8-10;12,4-6;8-10;12,7,7,0,12,12,0,0-6,0-6,7,7,0,6,6,0,,,0,0,0,-1,-1,0,78,78,0,D:|A:,D:|A:,0,0,0,0,0,0,0,0,0,0,0,0,false,false,0,0,0,388,388,0,388,388,0,1,1,0,512,512,0,1104,1136,32,17664,18176,512,SASS-inst+;code+
moe.w4a16.topk_sum,w4a16.e8m0_k32,4622cf1512d6a83ed3233c7fa5254e2544067f673c3b608d197388ba9c06845a,5a5934b35c7744e0d56620403db0b51e7906832d2467ff2612b4f0350606fd7c,0ae8ea2d10db2c489ca7696be611376788534c9ca61f5cfd32419b3d787aa8a9,256,12,12,0,0-2;4-7;9,0-2;4-7;9,8,8,0,9,9,0,4,4,1,1,0,4,4,0,0,0,1,1,0,0,0,0,,,0,0,0,-1,-1,0,12,12,0,D:|A:,D:|A:,0,0,0,0,0,0,0,0,0,0,0,0,false,false,0,0,0,0,0,0,0,0,0,6,6,0,1536,1536,0,48,48,0,768,768,0,
moe.w4a16.topk_sum,,eeab3ca7a4bab83be23dcae80496c09f625b0d149a522ae8618d426fbedd92f8,b2e9875b484221f6650ee5134bab2880bffc947edd20db9fab6c6cd2e2735cfd,0ae8ea2d10db2c489ca7696be611376788534c9ca61f5cfd32419b3d787aa8a9,256,14,14,0,0-2;4-11,0-2;4-11,11,11,0,11,11,0,4,4,1,1,0,4,4,0,0,0,1,1,0,0,0,0,,,0,0,0,-1,-1,0,14,14,0,D:|A:,D:|A:,0,0,0,0,0,0,0,0,0,0,0,0,false,false,0,0,0,0,0,0,0,0,0,6,6,0,1536,1536,0,48,48,0,768,768,0,
moe.w4a16.topk_sum,w4a16.topk,26becba919aca623e3334925af43ccaa22df81301f202f840561c942fa700a34,23ffd035a0c4331f973a612a77fd49de9b4c0074c951d0e89d27e2d61ddb9a72,0ae8ea2d10db2c489ca7696be611376788534c9ca61f5cfd32419b3d787aa8a9,256,15,15,0,0-12,0-12,13,13,0,12,12,0,4,4,1,1,0,4,4,0,0,0,1,1,0,0,0,0,,,0,0,0,-1,-1,0,15,15,0,D:|A:,D:|A:,0,0,0,0,0,0,0,0,0,0,0,0,false,false,0,0,0,0,0,0,0,0,0,6,6,0,1536,1536,0,56,56,0,896,896,0,
moe.w4a16.topk_sum,w4a16.nf3,bd131c15ae0a2a1d752f421ab9a9edf6e931244faa10942d7cd2b6a733ea28e9,6009d91fee2652a21627cac0e5e28d6ef39579161f0e2b95207ee9ebf699ca8c,0ae8ea2d10db2c489ca7696be611376788534c9ca61f5cfd32419b3d787aa8a9,256,15,15,0,0-12,0-12,13,13,0,12,12,0,4,4,1,1,0,4,4,0,0,0,1,1,0,0,0,0,,,0,0,0,-1,-1,0,15,15,0,D:|A:,D:|A:,0,0,0,0,0,0,0,0,0,0,0,0,false,false,0,0,0,0,0,0,0,0,0,6,6,0,1536,1536,0,64,64,0,1024,1024,0,
quantization.bf16_to_fp4_tma,,84a7bbff4305053fb84b2f48be375f7d4de99f81ef66f2be92a239fe6116d1c9,cc39138af8f01d543cc034b1c31631a315ff71d943ece1f048a984021d170b00,f536149a31d44fc2e31e96f848490c4e9bd87184f3a9659fd051b7b2620ceb30,128,44,42,-2,0-8;10-41,0-8;10-39,41,39,-2,41,39,-2,4-10;12,4;6;8-10,8,5,-3,12,10,-2,0-3,0-3,4,4,0,3,3,0,,,0,0,0,-1,-1,0,44,42,-2,D:|A:,D:|A:,0,0,0,0,0,0,0,0,0,0,0,0,false,false,9216,9216,0,0,0,0,9216,9216,0,10,10,0,1280,1280,0,400,400,0,6400,6400,0,reg-set-change
quantization.bf16_to_fp4_tma,,5a07c5daebba9c05be9230dc98b243f627efdeff71504c5a1ecda1bf09519c1b,ad54e5a22543a66ff4a48382beadaf34f1cba147d1558c5dd72f6c93ed174ac5,6d7cb5f4841131449687371b36fab4316b0bc533f76cc1d27528760f0de90df2,128,49,48,-1,0-46,0-45,47,46,-1,46,45,-1,4-14;16;18;20,4-14;16;18,14,13,-1,20,18,-2,0-3,0-3,4,4,0,3,3,0,0,0,1,1,0,0,0,0,49,48,-1,D:|A:,D:|A:,0,0,0,0,0,0,0,0,0,0,0,0,false,false,9216,9216,0,0,0,0,9216,9216,0,9,10,1,1152,1280,128,432,440,8,6912,7040,128,reg-set-change;SASS-inst+;code+
quantization.bf16_to_fp4_tma,,4094bcbbd9e59ac264f4c6818e03a6f675616e9f97f4994daa22e7d33b7903ea,581cc3f190af0281a05f097a15ad7c6daf5def68b544baf612005e04f8453f89,028c24edf4c7cb0351c8a14f01a8e9977e822ce949e7eb9757c43f4aee41c213,128,47,45,-2,0-44,0-42,45,43,-2,44,42,-2,4-10;12;14;16,4-8;10-12,10,8,-2,16,12,-4,0-3,0-3,4,4,0,3,3,0,0,0,1,1,0,0,0,0,47,45,-2,D:|A:,D:|A:,0,0,0,0,0,0,0,0,0,0,0,0,false,false,9216,9216,0,0,0,0,9216,9216,0,10,10,0,1280,1280,0,440,440,0,7040,7040,0,reg-set-change
quantization.bf16_to_fp4_tma,,2f9e26c24746c819a2f2397968cb7285fc80e4c6e4547461de1a3527ba2b167b,02efeec4ff9a4ccb0e12a948e1a3ec7a156982b364d3d8bb0c4e86815dd630ac,7585cb781812d24b81155a2c807376b7b91d8792a29dfd76c22bfa2e9936d532,128,47,45,-2,0-44,0-42,45,43,-2,44,42,-2,4-10;12;14;16,4-10;12,10,8,-2,16,12,-4,0-3,0-3,4,4,0,3,3,0,0,0,1,1,0,0,0,0,47,45,-2,D:|A:,D:|A:,0,0,0,0,0,0,0,0,0,0,0,0,false,false,9216,9216,0,0,0,0,9216,9216,0,10,10,0,1280,1280,0,440,440,0,7040,7040,0,reg-set-change
quantization.bf16_to_fp4_tma,,21fc81d4ff91d5cbffaf144d8fdcae4e2ffb039b719cffcf3a36d58f38b503f2,b0bf1f1db92603363d92dcfa8316e453abe05ea4c5caf8532b0451cc908e67b9,f69cbbca0926629a4f3ecf7f40721e36e71127246511e2f2ec5bc14671c4d227,128,47,44,-3,0-44,0-41,45,42,-3,44,41,-3,4-12;14,4-8;10-12,10,8,-2,14,12,-2,0-3,0-3,4,4,0,3,3,0,0,0,1,1,0,0,0,0,47,44,-3,D:|A:,D:|A:,0,0,0,0,0,0,0,0,0,0,0,0,false,false,9216,9216,0,0,0,0,9216,9216,0,10,10,0,1280,1280,0,440,440,0,7040,7040,0,reg-set-change
quantization.bf16_to_fp4_tma,,7a5ff1380d7b1554ca593266cbafdc493b8d50179d164d31a4b0d01dc5fde60f,001251807e43967f4172f4ac8f64d50402d8e13187e998cd9cae4940e361694b,736496f9f841bae7b0a42710c8af5510ab7836b698aca761eedea281cea9044b,128,47,44,-3,0-44,0-41,45,42,-3,44,41,-3,4-12;14,4-8;10-12,10,8,-2,14,12,-2,0-3,0-3,4,4,0,3,3,0,0,0,1,1,0,0,0,0,47,44,-3,D:|A:,D:|A:,0,0,0,0,0,0,0,0,0,0,0,0,false,false,9216,9216,0,0,0,0,9216,9216,0,10,10,0,1280,1280,0,440,440,0,7040,7040,0,reg-set-change
quantization.bf16_to_fp4_tma,,7a3daa260f6e48045c70ee024279b03c67c1f76d733d2a128dfc9020c697a85b,0068af734e827a655f60facb6896355e1d65fa035c57eb313f042ef55ac03ad9,6efa4ebb1025e660299817a9ecb668663bf36ece407cd6b138cc7af7daa00d95,128,47,44,-3,0-44,0-41,45,42,-3,44,41,-3,4-12;14,4-12,10,9,-1,14,12,-2,0-3,0-3,4,4,0,3,3,0,0,0,1,1,0,0,0,0,47,44,-3,D:|A:,D:|A:,0,0,0,0,0,0,0,0,0,0,0,0,false,false,9216,9216,0,0,0,0,9216,9216,0,10,10,0,1280,1280,0,448,440,-8,7168,7040,-128,reg-set-change
tests.w4a8_dynamic.direct,w4a8.direct.relu2.mx.m128,14270be0f6bbfc4a445c1664152780cb6b6b9540d0f5796513a0ab28ea42062f,8e4d048c23de9c55e700c394cbc841f861f575750ff27b8c76918d63a69feea6,0d67b45bda6a1e903d2fd8f2ba6063451c210f4fc6859cac56ddc895abb53982,192,255,255,0,0-252,0-252,253,253,0,252,252,0,4-12;14,4-14;16;18,10,13,3,14,18,4,0-6,0-6,7,7,0,6,6,0,0-1,0-1,2,2,0,1,1,0,255,255,0,D:|A:,D:|A:,32,8,-24,32,8,-24,16,2,-14,9,2,-7,true,true,92160,92160,0,0,0,0,92160,92160,0,1,1,0,192,192,0,6768,6632,-136,108288,106112,-2176,UR+;reg-set-change;local-current;ceiling-255
tests.w4a8_dynamic.direct,w4a8.direct.relu2.mx.m16,658acbfdfca0f141b8f70b79a036c48741fd03c39574fdc66c7100812813892e,12251e6b043b2e4b07dc3b4e4109079117f36392921caca60177ebe71d056b97,0d67b45bda6a1e903d2fd8f2ba6063451c210f4fc6859cac56ddc895abb53982,192,123,125,2,0-120,0-110;112;114;116;118;120;122,121,117,-4,120,122,2,4-14;16;18;20;79,4-14;16;18;79,15,14,-1,79,79,0,0-5,0-5,6,6,0,5,5,0,0-3,0-1,4,2,-2,3,1,-2,123,125,2,D:|A:,D:|A:,0,0,0,0,0,0,0,0,0,0,0,0,false,false,62464,62464,0,0,0,0,62464,62464,0,1,1,0,192,192,0,3224,3224,0,51584,51584,0,GPR+;R+;reg-set-change
tests.w4a8_dynamic.direct,w4a8.direct.relu2.mx.m32,15be7d426c2eba52fa2d012caf9c4745a3d49cea46e92ef379375b6a103f0a10,a6895b9826fe836655b85813eb26b239c1db950104a2133ae56f933efb8ba84d,0d67b45bda6a1e903d2fd8f2ba6063451c210f4fc6859cac56ddc895abb53982,192,168,167,-1,0-159;161;163;165,0-158;160;162;164,163,162,-1,165,164,-1,4-14;16;18;20;79,4-16;18;20;79,15,16,1,79,79,0,0-6,0-5,7,6,-1,6,5,-1,0-3,0-1,4,2,-2,3,1,-2,168,167,-1,D:|A:,D:|A:,0,0,0,0,0,0,0,0,0,0,0,0,false,false,66560,66560,0,0,0,0,66560,66560,0,1,1,0,192,192,0,3760,3752,-8,60160,60032,-128,UR+;reg-set-change
tests.w4a8_dynamic.direct,w4a8.direct.relu2.mx.m64|w4a8.packed_prefill.relu2.mx.m4096,57c3e1dc16841ebd7a6c72d150d2127215193f6450d8631752c74227c20b533c,42408f0bd46f309fe8eac39d351ad7671b7d0e293459ca4b48a2ce7a97d71b49,0d67b45bda6a1e903d2fd8f2ba6063451c210f4fc6859cac56ddc895abb53982,320,168,160,-8,0-165,0-155;157,166,157,-9,165,157,-8,4-12;14,4-14;16;18,10,13,3,14,18,4,0-6,0-5,7,6,-1,6,5,-1,0-1,0-1,2,2,0,1,1,0,168,160,-8,D:|A:,D:|A:,0,0,0,0,0,0,0,0,0,0,0,0,false,false,76800,76800,0,0,0,0,76800,76800,0,1,1,0,320,320,0,4648,4664,16,74368,74624,256,UR+;reg-set-change;SASS-inst+;code+
tests.w4a8_dynamic.direct,w4a8.direct.silu.mx.m128,9a47588ceccf96921da417e704fa281d5b9cf2a4d436f98c659c48e33717e578,16f8615a9d1f012f9676673c3daa67034e4c256d926d392d5cf4ead5ddb8bd9e,0d67b45bda6a1e903d2fd8f2ba6063451c210f4fc6859cac56ddc895abb53982,192,255,255,0,0-252,0-252,253,253,0,252,252,0,4-12;14,4-14;16;18,10,13,3,14,18,4,0-6,0-6,7,7,0,6,6,0,0-1,0-1,2,2,0,1,1,0,255,255,0,D:|A:,D:|A:,288,288,0,288,288,0,127,151,24,102,50,-52,true,true,92160,92160,0,0,0,0,92160,92160,0,1,1,0,192,192,0,10024,10024,0,160384,160384,0,UR+;reg-set-change;LDL+;local+;local-current;ceiling-255
tests.w4a8_dynamic.direct,w4a8.direct.silu.mx.m16,4b5dd07924f22550c986cba8b1aea1fafb06bd116d41785b283068e8ff2eab43,14f99305789fa03f41bacd90d0465cc9e6790db93da242d255a6b0ab5e4d3bd5,0d67b45bda6a1e903d2fd8f2ba6063451c210f4fc6859cac56ddc895abb53982,192,143,142,-1,0-134;136;138;140,0-139,138,140,2,140,139,-1,4-6;8-12;14;16;18;79,4-12;14;16;18;79,12,13,1,79,79,0,0-6,0-6,7,7,0,6,6,0,0-1,0-1,2,2,0,1,1,0,143,142,-1,D:|A:,D:|A:,0,0,0,0,0,0,0,0,0,0,0,0,false,false,62464,62464,0,0,0,0,62464,62464,0,1,1,0,192,192,0,3808,3800,-8,60928,60800,-128,R+;UR+;reg-set-change
tests.w4a8_dynamic.direct,w4a8.direct.silu.mx.m32,dd4a5ddbc38b8e39da29b6a026fc9025e795f0d525789d5534ca2347951a0374,657e4b90147058f1e17605a922a613c5cdddfeb145918b6044d13d08d5da6bd4,0d67b45bda6a1e903d2fd8f2ba6063451c210f4fc6859cac56ddc895abb53982,192,168,192,24,0-165,0-189,166,190,24,165,189,24,4-6;8-12;14;16;18;79,4-12;14;16;18;79,12,13,1,79,79,0,0-5,0-6,6,7,1,5,6,1,0-1,0-1,2,2,0,1,1,0,168,192,24,D:|A:,D:|A:,0,0,0,0,0,0,0,0,0,0,0,0,false,false,66560,66560,0,0,0,0,66560,66560,0,1,1,0,192,192,0,4368,4392,24,69888,70272,384,GPR+;R+;UR+;P+;reg-set-change;SASS-inst+;code+
tests.w4a8_dynamic.direct,w4a8.direct.silu.mx.m64|w4a8.packed_prefill.silu.mx.m4096,d2a3ac9cfb95e8408309ab4c6f20c5fa2407a697fcb78d5f5b2d2cbd8e8c17e9,dfa3debd487f307204ccab642761466c54786a95d2cf1832f373a63e2be1010d,0d67b45bda6a1e903d2fd8f2ba6063451c210f4fc6859cac56ddc895abb53982,320,168,168,0,0-165,0-165,166,166,0,165,165,0,4-12;14,4-14;16;18,10,13,3,14,18,4,0-5,0-5,6,6,0,5,5,0,0-1,0-1,2,2,0,1,1,0,168,168,0,D:|A:,D:|A:,0,0,0,0,0,0,0,0,0,0,0,0,false,false,76800,76800,0,0,0,0,76800,76800,0,1,1,0,320,320,0,6400,6400,0,102400,102400,0,UR+;reg-set-change
tests.w4a8_dynamic.direct,w4a8.direct.relu2.nvfp4.m128,4775fdec2a6715860a8c341a3fdbb755239f3b5cbd1916c50f32c6dd29eacce3,170fdbf0f4c13455cc542b8e6ad06c5cedad9021eed8d90b8b396d757d52e216,0d67b45bda6a1e903d2fd8f2ba6063451c210f4fc6859cac56ddc895abb53982,192,255,255,0,0-252,0-252,253,253,0,252,252,0,4-8;10-14,4-10;12-16;18,10,13,3,14,18,4,0-6,0-6,7,7,0,6,6,0,0-1,0-1,2,2,0,1,1,0,255,255,0,D:|A:,D:|A:,64,80,16,64,80,16,23,27,4,16,20,4,true,true,92160,92160,0,0,0,0,92160,92160,0,1,1,0,192,192,0,9128,9136,8,146048,146176,128,UR+;reg-set-change;frame+;stack+;LDL+;STL+;local+;SASS-inst+;code+;local-current;ceiling-255
tests.w4a8_dynamic.direct,w4a8.direct.relu2.nvfp4.m16,fe3117b7992b06c11059ba5eafd5aa82ed17f9139d3639e8eae6a775d576fc24,b4903a73f29490ffbbdb078e05f761a30f1a81e4f3bc3dfed7256b78d4914fed,0d67b45bda6a1e903d2fd8f2ba6063451c210f4fc6859cac56ddc895abb53982,192,145,132,-13,0-142,0-127;129,143,129,-14,142,129,-13,4-12;14;16;18;20;79,4-14;16;18;20;79,14,15,1,79,79,0,0-6,0-6,7,7,0,6,6,0,0-3,0-1,4,2,-2,3,1,-2,145,132,-13,D:|A:,D:|A:,0,0,0,0,0,0,0,0,0,0,0,0,false,false,62464,62464,0,0,0,0,62464,62464,0,1,1,0,192,192,0,4848,4912,64,77568,78592,1024,UR+;reg-set-change;SASS-inst+;code+
tests.w4a8_dynamic.direct,w4a8.direct.relu2.nvfp4.m32,c6131c82cd1a08730a9acd44510b456074180df239b26c7eb0d4dd892a176ac2,bd1f767fa3b3f281ba7bb67ee4f6031b4f83de934ba61397c2f7ed184c06ce23,0d67b45bda6a1e903d2fd8f2ba6063451c210f4fc6859cac56ddc895abb53982,192,165,168,3,0-162,0-163;165,163,165,2,162,165,3,4-14;16;18;20;22;79,4-14;16;18;79,16,14,-2,79,79,0,0-6,0-6,7,7,0,6,6,0,0-3,0-2,4,3,-1,3,2,-1,165,168,3,D:|A:,D:|A:,0,0,0,0,0,0,0,0,0,0,0,0,false,false,66560,66560,0,0,0,0,66560,66560,0,1,1,0,192,192,0,5416,5416,0,86656,86656,0,GPR+;R+;reg-set-change
tests.w4a8_dynamic.direct,w4a8.direct.relu2.nvfp4.m64|w4a8.packed_prefill.relu2.nvfp4.m4096,6736e4f350402ea568ad2a259cbddf10a3b5a3112179ead84c49b36efbcc0575,e95010053545ce9f98ec1a0ee2273ae25ab2ce116ab26ccfec35b7a89431027f,0d67b45bda6a1e903d2fd8f2ba6063451c210f4fc6859cac56ddc895abb53982,320,168,162,-6,0-165,0-157;159,166,159,-7,165,159,-6,4-10;12-16,4-10;12-16;18,12,13,1,16,18,2,0-6,0-6,7,7,0,6,6,0,0-1,0-1,2,2,0,1,1,0,168,162,-6,D:|A:,D:|A:,0,0,0,0,0,0,0,0,0,0,0,0,false,false,76800,76800,0,0,0,0,76800,76800,0,1,1,0,320,320,0,6944,6856,-88,111104,109696,-1408,UR+;reg-set-change
tests.w4a8_dynamic.direct,w4a8.direct.silu.nvfp4.m128,8812ad54e4634e75473b083fe3c2f60dc88c91242377edd7d16a35d7c6eb4499,a824dfebaa1926006822e32f640b2d643e586df4ae683e3804bc03c22a0eb0ac,0d67b45bda6a1e903d2fd8f2ba6063451c210f4fc6859cac56ddc895abb53982,192,255,255,0,0-252,0-252,253,253,0,252,252,0,4-8;10-14,4-10;12-16;18,10,13,3,14,18,4,0-6,0-6,7,7,0,6,6,0,0-1,0-1,2,2,0,1,1,0,255,255,0,D:|A:,D:|A:,400,328,-72,400,328,-72,173,186,13,149,66,-83,true,true,92160,92160,0,0,0,0,92160,92160,0,1,1,0,192,192,0,13384,13440,56,214144,215040,896,UR+;reg-set-change;LDL+;local+;SASS-inst+;code+;local-current;ceiling-255
tests.w4a8_dynamic.direct,w4a8.direct.silu.nvfp4.m16,5063efe449a597e0dc19b55d07facb93b817d64a17a44d2a1a93d58f43ca1e18,46834b3a032744ea76b433fe673d41286879e526992e3c77d1b77dd4d9524ad0,0d67b45bda6a1e903d2fd8f2ba6063451c210f4fc6859cac56ddc895abb53982,192,158,155,-3,0-153;155,0-152,155,153,-2,155,152,-3,4-6;8-12;14;16;18;79,4-12;14;16;18;79,12,13,1,79,79,0,0-6,0-6,7,7,0,6,6,0,0-1,0-1,2,2,0,1,1,0,158,155,-3,D:|A:,D:|A:,0,0,0,0,0,0,0,0,0,0,0,0,false,false,62464,62464,0,0,0,0,62464,62464,0,1,1,0,192,192,0,5216,5208,-8,83456,83328,-128,UR+;reg-set-change
tests.w4a8_dynamic.direct,w4a8.direct.silu.nvfp4.m32,5c0ad71d68f8ce1a9273c59773cf62cdaa9032c399d54448d39c0671507ddcf3,778d2ec81ebe40a56895bf82e0b4faf44f6845e99a177c43e041ffc43b1ac25a,0d67b45bda6a1e903d2fd8f2ba6063451c210f4fc6859cac56ddc895abb53982,192,211,212,1,0-208,0-199;201;203;205;207;209,209,205,-4,208,209,1,4-6;8-12;14;16;18;79,4-12;14;16;18;79,12,13,1,79,79,0,0-6,0-6,7,7,0,6,6,0,0-1,0-1,2,2,0,1,1,0,211,212,1,D:|A:,D:|A:,0,0,0,0,0,0,0,0,0,0,0,0,false,false,66560,66560,0,0,0,0,66560,66560,0,1,1,0,192,192,0,5872,5888,16,93952,94208,256,GPR+;R+;UR+;reg-set-change;SASS-inst+;code+
tests.w4a8_dynamic.direct,w4a8.direct.silu.nvfp4.m64|w4a8.packed_prefill.silu.nvfp4.m4096,35079e7b7166189be4b307e31ac4079ac21a527b64a65d2f70208800ca965075,ec256a7ef70b0e8cdbb155d836d4475fa3af4535f54475cf267c33425f305348,0d67b45bda6a1e903d2fd8f2ba6063451c210f4fc6859cac56ddc895abb53982,320,168,168,0,0-165,0-165,166,166,0,165,165,0,4-8;10-14,4-10;12-16;18,10,13,3,14,18,4,0-6,0-6,7,7,0,6,6,0,0-1,0-1,2,2,0,1,1,0,168,168,0,D:|A:,D:|A:,0,0,0,0,0,0,0,0,0,0,0,0,false,false,76800,76800,0,0,0,0,76800,76800,0,1,1,0,320,320,0,9208,9208,0,147328,147328,0,UR+;reg-set-change
